path,width,height,mode,alpha_present,sha256,error,top_leading_white_px,top_longest_white_run_px,top_rgba_mean,top_white_fraction,top_white_bands,top_raw_rgb_white_fraction,bottom_leading_white_px,bottom_longest_white_run_px,bottom_rgba_mean,bottom_white_fraction,bottom_white_bands,bottom_raw_rgb_white_fraction,left_leading_white_px,left_longest_white_run_px,left_rgba_mean,left_white_fraction,left_white_bands,left_raw_rgb_white_fraction,right_leading_white_px,right_longest_white_run_px,right_rgba_mean,right_white_fraction,right_white_bands,right_raw_rgb_white_fraction,separator_signatures,classification,detected_classification,review_reason
app/src/main/assets/Animals/canonical/alligator.png,1254,1254,RGBA,True,40d59739eb264c735040ae57513bb7d69eeca4b80819a97016a468c42438e2ed,,0,0,"[0.0, 0.0, 0.0, 0.0]",0.0,[],0.0,0,0,"[0.0, 0.0, 0.0, 0.02]",0.0,[],0.0,0,0,"[0.0, 0.0, 0.0, 0.01]",0.0,[],0.0,0,0,"[0.0, 0.0, 0.0, 0.0]",0.0,[],0.0,[],CLEAN,CLEAN,
app/src/main/assets/Animals/canonical/anaconda.png,1254,1254,RGBA,True,a64f4138ade6f2e7006d268d025d8232ccc53647dca6ab7dbee9f7141c2aebfd,,0,0,"[0.0, 0.0, 0.0, 0.0]",0.0,[],0.0,0,0,"[0.0, 0.0, 0.0, 0.0]",0.0,[],0.0,0,0,"[0.0, 0.0, 0.0, 0.08]",0.0,[],0.0,0,0,"[0.0, 0.0, 0.0, 0.0]",0.0,[],0.0,[],CLEAN,CLEAN,
app/src/main/assets/Animals/canonical/basking_shark.png,1254,1254,RGBA,True,bd5628b2f72ecfba955cf0850dce7d668453983a3b1c15eb25001d9596f5dae0,,0,0,"[0.0, 0.0, 0.0, 0.0]",0.0,[],0.0,0,0,"[0.0, 0.0, 0.0, 0.0]",0.0,[],0.0,0,0,"[0.0, 0.0, 0.0, 0.0]",0.0,[],0.0,0,0,"[0.0, 0.0, 0.0, 0.0]",0.0,[],0.0,[],CLEAN,CLEAN,
app/src/main/assets/Animals/canonical/bear.png,1254,1254,RGBA,True,ab1d4e4c9523a935caa66ebc481a50eaccfe83c8ae26242767313f72dbe44f93,,0,0,"[0.0, 0.0, 0.0, 0.0]",0.0,[],0.0,0,0,"[0.0, 0.0, 0.0, 0.01]",0.0,[],0.0,0,0,"[0.0, 0.0, 0.0, 0.0]",0.0,[],0.0,0,0,"[0.0, 0.0, 0.0, 0.0]",0.0,[],0.0,[],CLEAN,CLEAN,
app/src/main/assets/Animals/canonical/cat.png,307,322,RGBA,True,bc27808e300858080c7231b412023196ba71b6708fc4e8a52fc5ef48843d61d6,,0,0,"[194.94, 193.22, 196.81, 0.0]",0.0,[],0.0,0,0,"[227.79, 225.23, 223.55, 0.0]",0.0,[],0.0,0,0,"[194.43, 191.22, 190.94, 0.0]",0.0,[],0.0,0,0,"[214.43, 209.19, 206.24, 0.0]",0.0,[],0.0,[],CLEAN,CLEAN,
app/src/main/assets/Animals/canonical/crocodile.png,1254,1254,RGBA,True,4772ecbe706587fcc97402ae1771591e2f74d7f784ab70da4b42d60d3a260163,,0,0,"[0.0, 0.0, 0.0, 0.0]",0.0,[],0.0,0,0,"[0.0, 0.0, 0.0, 0.0]",0.0,[],0.0,0,0,"[0.0, 0.0, 0.0, 0.0]",0.0,[],0.0,0,0,"[10.17, 10.17, 0.0, 0.04]",0.0,[],0.0,[],CLEAN,CLEAN,
app/src/main/assets/Animals/canonical/deer.png,1254,1254,RGBA,True,23eaf97f2f572389fad1105c0110b0da2aeca32e3b2189035ed788c0431fb22b,,0,0,"[0.0, 0.0, 0.0, 0.0]",0.0,[],0.0,0,0,"[0.0, 0.0, 0.0, 0.0]",0.0,[],0.0,0,0,"[0.0, 0.0, 0.0, 0.0]",0.0,[],0.0,0,0,"[0.0, 0.0, 0.0, 0.0]",0.0,[],0.0,[],CLEAN,CLEAN,
app/src/main/assets/Animals/canonical/dinosaur.png,1254,1254,RGBA,True,6fd00013449b7b73a50e9f236f75047f1b1c3bf41caa468430e52ac98a70a975,,0,0,"[0.0, 0.0, 0.0, 0.0]",0.0,[],0.0,0,0,"[18.2, 18.2, 1.11, 0.08]",0.0,[],0.0,0,0,"[0.0, 0.0, 0.0, 0.0]",0.0,[],0.0,0,0,"[0.0, 0.0, 0.0, 0.0]",0.0,[],0.0,[],CLEAN,CLEAN,
app/src/main/assets/Animals/canonical/dog.png,305,332,RGBA,True,4520ef83b9fe7408afa92bf8bc9a63e2f693999afe9b7e25df195825069be065,,0,0,"[0.0, 0.0, 0.0, 0.0]",0.0,[],0.0,0,0,"[226.94, 217.79, 211.99, 0.0]",0.0,[],0.0,0,0,"[188.22, 168.89, 157.19, 0.0]",0.0,[],0.0,0,0,"[205.15, 187.4, 176.24, 0.0]",0.0,[],0.0,[],CLEAN,CLEAN,
app/src/main/assets/Animals/canonical/dolphin.png,1254,1254,RGBA,True,bc962797e117620aabdccfef24fee3feabc4bd5bf6e503915df85d893bc2dc58,,0,0,"[0.0, 0.0, 0.0, 0.0]",0.0,[],0.0,0,0,"[0.0, 0.0, 0.0, 0.0]",0.0,[],0.0,0,0,"[0.0, 0.0, 0.0, 0.01]",0.0,[],0.0,0,0,"[0.0, 0.0, 0.0, 0.01]",0.0,[],0.0,[],CLEAN,CLEAN,
app/src/main/assets/Animals/canonical/dragon.png,374,331,RGBA,True,97ac93693b472567aed514338d58e3933cda84e5d7c0195cf926db6c5ad57cb5,,0,0,"[248.86, 237.56, 228.81, 0.0]",0.0,[],0.195187,0,0,"[226.61, 144.75, 109.23, 0.0]",0.0,[],0.0,0,0,"[229.55, 202.72, 183.83, 0.0]",0.0,[],0.003021,0,0,"[245.2, 219.69, 208.47, 0.0]",0.0,[],0.069486,[],CLEAN,CLEAN,
app/src/main/assets/Animals/canonical/eagle.png,1254,1254,RGBA,True,e83e227cdf62eb63bc15d5fca04593b56927c019257e510e385430f2a221c9ce,,0,0,"[0.0, 0.0, 0.0, 0.0]",0.0,[],0.0,0,0,"[0.0, 0.0, 0.0, 0.0]",0.0,[],0.0,0,0,"[0.0, 0.0, 0.0, 0.0]",0.0,[],0.0,0,0,"[0.0, 0.0, 0.0, 0.0]",0.0,[],0.0,[],CLEAN,CLEAN,
app/src/main/assets/Animals/canonical/fish.png,1254,1254,RGBA,True,ca33ea2677e2793a34c87b97ad7bab97c5acaaac36617504bc4fbd25d18c9971,,0,0,"[0.0, 0.0, 0.0, 0.0]",0.0,[],0.0,0,0,"[0.0, 0.0, 0.0, 0.01]",0.0,[],0.0,0,0,"[0.0, 0.0, 0.0, 0.0]",0.0,[],0.0,0,0,"[0.0, 0.0, 0.0, 0.0]",0.0,[],0.0,[],CLEAN,CLEAN,
app/src/main/assets/Animals/canonical/great_white_shark.png,1254,1254,RGBA,True,aa1f8edbecbb59ca69aa13d6ea60afbffac97ba2a52be86d1160cff82b1b5749,,0,0,"[0.0, 0.0, 0.0, 0.0]",0.0,[],0.0,0,0,"[0.0, 0.0, 0.0, 0.0]",0.0,[],0.0,0,0,"[0.0, 0.0, 0.0, 0.0]",0.0,[],0.0,0,0,"[0.0, 0.0, 0.0, 0.0]",0.0,[],0.0,[],CLEAN,CLEAN,
app/src/main/assets/Animals/canonical/horse.png,345,332,RGBA,True,896bbbf870961337b58dc7524fdb4334cf8cfd2f173f30eb9cb780b4460b9049,,0,0,"[0.0, 0.0, 0.0, 0.0]",0.0,[],0.0,0,0,"[186.77, 173.86, 166.81, 0.0]",0.0,[],0.0,0,0,"[199.66, 184.87, 175.11, 0.0]",0.0,[],0.0,0,0,"[185.24, 175.71, 170.85, 0.0]",0.0,[],0.0,[],CLEAN,CLEAN,
app/src/main/assets/Animals/canonical/mammoth.png,1254,1254,RGBA,True,e4039ae1001aef8ab4de510df2a99089352f45c1188c90140d48f5a804b913fe,,0,0,"[0.0, 0.0, 0.0, 0.0]",0.0,[],0.0,0,0,"[2.85, 0.0, 0.0, 0.01]",0.0,[],0.0,0,0,"[6.3, 5.49, 5.49, 0.02]",0.0,[],0.021531,0,0,"[0.0, 0.0, 0.0, 0.0]",0.0,[],0.0,[],CLEAN,CLEAN,
app/src/main/assets/Animals/canonical/mole.png,1254,1254,RGBA,True,384e9ace08b0af2d86d94ed126a750a609f88fdad42bed5b3ba8f5a15f77bbbb,,0,0,"[0.0, 0.0, 0.0, 0.0]",0.0,[],0.0,0,0,"[0.0, 0.0, 0.0, 0.01]",0.0,[],0.0,0,0,"[0.0, 0.0, 0.0, 0.01]",0.0,[],0.0,0,0,"[0.0, 0.0, 0.0, 0.0]",0.0,[],0.0,[],CLEAN,CLEAN,
app/src/main/assets/Animals/canonical/monkey.png,1254,1254,RGBA,True,95e2c1d0b0c7e1b1daf8c9ceaa42b2f3250fd73ad8e50638c7863b2d98a57c7b,,0,0,"[0.0, 0.0, 0.0, 0.0]",0.0,[],0.0,0,0,"[3.46, 0.0, 0.0, 0.02]",0.0,[],0.0,0,0,"[0.0, 0.0, 0.0, 0.0]",0.0,[],0.0,0,0,"[0.0, 0.0, 0.0, 0.0]",0.0,[],0.0,[],CLEAN,CLEAN,
app/src/main/assets/Animals/canonical/mosasaurus.png,1254,1254,RGBA,True,efc60c83711afd3357e7e781d4b9a5412411db64aecaf47c7c7fa10f9f3a7acc,,0,0,"[0.0, 0.0, 0.0, 0.0]",0.0,[],0.0,0,0,"[0.0, 0.0, 0.0, 0.0]",0.0,[],0.0,0,0,"[0.0, 0.0, 0.0, 0.0]",0.0,[],0.0,0,0,"[0.0, 0.0, 0.0, 0.0]",0.0,[],0.0,[],CLEAN,CLEAN,
app/src/main/assets/Animals/canonical/mouse.png,321,331,RGBA,True,d90bc090109fcbbb3f94a5d70b2e76b5b44c0f6d5782ce1b213e99abab79952e,,0,0,"[205.16, 188.73, 180.54, 0.0]",0.0,[],0.0,1,1,"[249.51, 245.29, 244.7, 0.0]",0.0,"[[0, 1]]",1.0,0,0,"[221.17, 207.98, 200.73, 0.0]",0.0,[],0.006042,0,0,"[236.88, 223.67, 219.72, 0.0]",0.0,[],0.057402,[],AMBIGUOUS_REVIEW_REQUIRED,AMBIGUOUS_REVIEW_REQUIRED,
app/src/main/assets/Animals/canonical/orca.png,1254,1254,RGBA,True,25c6e7c8540ece5b9f516da6296f6827691016e22ccca8789bc816093708f5fd,,0,0,"[0.0, 0.0, 0.0, 0.0]",0.0,[],0.0,0,0,"[0.0, 0.0, 0.0, 0.0]",0.0,[],0.0,0,0,"[0.0, 0.0, 0.0, 0.0]",0.0,[],0.0,0,0,"[0.0, 0.0, 0.0, 0.0]",0.0,[],0.0,[],CLEAN,CLEAN,
app/src/main/assets/Animals/canonical/pteranodon.png,1254,1254,RGBA,True,d54e16571f972b49410d51606041ca3518a3adedd29cd0c0524900fa7a03e32d,,0,0,"[0.0, 0.0, 0.0, 0.0]",0.0,[],0.0,0,0,"[0.0, 0.0, 0.0, 0.06]",0.0,[],0.0,0,0,"[1.83, 0.0, 0.0, 0.01]",0.0,[],0.0,0,0,"[0.0, 0.0, 0.0, 0.0]",0.0,[],0.0,[],CLEAN,CLEAN,
app/src/main/assets/Animals/canonical/rabbit.png,282,327,RGBA,True,37788cedffb9ad7159c1ab52b8fbacc6b7d1c3e1a9ab23247032614c8c63e4fb,,0,0,"[225.21, 193.97, 172.4, 0.0]",0.0,[],0.0,0,0,"[234.5, 219.2, 206.0, 0.0]",0.0,[],0.0,0,0,"[218.98, 194.5, 176.04, 0.0]",0.0,[],0.0,0,0,"[215.53, 200.22, 185.68, 0.0]",0.0,[],0.0,[],CLEAN,CLEAN,
app/src/main/assets/Animals/canonical/snake.png,1254,1254,RGBA,True,a713041a10af470f88f6ef8b705f7b2f095a63dac62ea9b74aabf941e6bc24a6,,0,0,"[0.0, 0.0, 0.0, 0.0]",0.0,[],0.0,0,0,"[3.05, 0.0, 3.05, 0.01]",0.0,[],0.0,0,0,"[0.0, 0.0, 0.0, 0.0]",0.0,[],0.0,0,0,"[0.0, 0.0, 0.0, 0.0]",0.0,[],0.0,[],CLEAN,CLEAN,
app/src/main/assets/Animals/canonical/trex.png,1254,1254,RGBA,True,adf1f85248f88e33c8d466a385c1ddd3855c6dc8fcdb5eab7f59de3291498104,,0,0,"[0.0, 0.0, 0.0, 0.0]",0.0,[],0.0,0,0,"[2.85, 2.85, 0.0, 0.01]",0.0,[],0.0,0,0,"[0.0, 0.0, 0.0, 0.01]",0.0,[],0.0,0,0,"[0.0, 0.0, 0.0, 0.0]",0.0,[],0.0,[],CLEAN,CLEAN,
app/src/main/assets/Animals/canonical/turtle.png,1254,1254,RGBA,True,532ffeda66204b41f124561b7a04976fb730c0f53c78488ac8ff070c3c16e854,,0,0,"[0.0, 0.0, 0.0, 0.0]",0.0,[],0.0,0,0,"[0.0, 0.0, 0.0, 0.0]",0.0,[],0.0,0,0,"[0.0, 0.0, 0.0, 0.01]",0.0,[],0.0,0,0,"[0.0, 0.0, 0.0, 0.0]",0.0,[],0.0,[],CLEAN,CLEAN,
app/src/main/assets/Animals/canonical/velociraptor.png,1254,1254,RGBA,True,8d8e373748df2e3d4d684f1f6ff38e5bed6a9fdd65677d13e72a625258480fef,,0,0,"[0.0, 0.0, 0.0, 0.0]",0.0,[],0.0,0,0,"[0.0, 0.0, 0.0, 0.0]",0.0,[],0.0,0,0,"[0.0, 0.0, 0.0, 0.0]",0.0,[],0.0,0,0,"[0.0, 0.0, 0.0, 0.0]",0.0,[],0.0,[],CLEAN,CLEAN,
app/src/main/assets/Animals/canonical/whale.png,1254,1254,RGBA,True,2b7d2fd47f6f4fc73e1743262fb3b444e2d6ea70d88608b0ce756218d0553e7a,,0,0,"[0.0, 0.0, 0.0, 0.0]",0.0,[],0.0,0,0,"[0.0, 0.0, 0.0, 0.01]",0.0,[],0.0,0,0,"[0.0, 0.0, 0.0, 0.0]",0.0,[],0.0,0,0,"[0.0, 0.0, 0.0, 0.0]",0.0,[],0.0,[],CLEAN,CLEAN,
app/src/main/assets/Prepositions/scenes/scene_prepositions_bee_above.png,1448,1086,RGB,False,87d0e12b8437bc43e58437a7b59725110ca7079fcb415d60eb987f99c461f92c,,0,0,"[51.02, 163.76, 252.28, 255.0]",0.0,[],0.0,0,0,"[124.09, 177.23, 76.28, 255.0]",0.0,[],0.0,0,0,"[88.98, 183.49, 235.03, 255.0]",0.0,[],0.0,0,0,"[94.46, 187.41, 231.53, 255.0]",0.0,[],0.0,[],CLEAN,CLEAN,
app/src/main/assets/Prepositions/scenes/scene_prepositions_bee_below.png,1448,1086,RGB,False,bea53715fa302a2c878f9e8861cd753c8c79c0bf0ce5fb1c17df4613475b4ea0,,0,0,"[38.25, 150.0, 245.02, 255.0]",0.0,[],0.0,0,0,"[130.1, 179.15, 68.74, 255.0]",0.0,[],0.0,0,0,"[85.99, 181.91, 232.59, 255.0]",0.0,[],0.0,0,0,"[89.1, 184.55, 236.02, 255.0]",0.0,[],0.0,[],CLEAN,CLEAN,
app/src/main/assets/Prepositions/scenes/scene_prepositions_bird_above.png,1448,1086,RGB,False,b81f81b818eb7b11d43d069afc6176e7247f4b1cce9493d2cf20c351d68af377,,0,0,"[72.67, 172.47, 251.92, 255.0]",0.0,[],0.0,0,0,"[148.62, 201.52, 111.57, 255.0]",0.0,[],0.0,0,0,"[111.81, 194.86, 240.32, 255.0]",0.0,[],0.0,0,0,"[121.16, 199.35, 236.7, 255.0]",0.0,[],0.0,[],CLEAN,CLEAN,
app/src/main/assets/Prepositions/scenes/scene_prepositions_bird_below.png,1448,1086,RGB,False,a7dc86c1045e0a525064c4c4162c52a21ac1fd2691a63a86885850bc8939f997,,0,0,"[62.17, 168.85, 252.42, 255.0]",0.0,[],0.0,0,0,"[97.23, 155.26, 128.91, 255.0]",0.0,[],0.0,0,0,"[96.68, 182.36, 231.91, 255.0]",0.0,[],0.0,0,0,"[96.88, 180.95, 227.06, 255.0]",0.0,[],0.0,[],CLEAN,CLEAN,
app/src/main/assets/Prepositions/scenes/scene_prepositions_butterfly_above.png,1448,1086,RGB,False,88f1a28034d105ffc3932486347462e15b3acc6c6c9f6b1a1e69852a78e5b5e0,,0,0,"[55.08, 160.29, 252.48, 255.0]",0.0,[],0.0,0,0,"[116.45, 164.57, 124.14, 255.0]",0.0,[],0.0,0,0,"[97.93, 184.26, 242.29, 255.0]",0.0,[],0.0,0,0,"[108.49, 191.01, 240.52, 255.0]",0.0,[],0.0,[],CLEAN,CLEAN,
app/src/main/assets/Prepositions/scenes/scene_prepositions_butterfly_below.png,1448,1086,RGB,False,857bc34f7407c756c1c64168a27b24c2aced8a1f60df30f9470c611eb9802d87,,0,0,"[59.68, 164.12, 248.83, 255.0]",0.0,[],0.0,0,0,"[123.64, 174.18, 97.4, 255.0]",0.0,[],0.0,0,0,"[102.8, 188.05, 227.83, 255.0]",0.0,[],0.0,0,0,"[98.99, 184.02, 222.8, 255.0]",0.0,[],0.0,[],CLEAN,CLEAN,
app/src/main/assets/Prepositions/scenes/scene_prepositions_crocodile_behind.png,1448,1086,RGB,False,cf533eeed617a4e095edfc7c9f2ba6c7b03f2050059aa9454f85e2a7a370b3ec,,0,0,"[104.73, 173.36, 141.57, 255.0]",0.0,[],0.0,0,0,"[89.17, 128.26, 19.46, 255.0]",0.0,[],0.0,0,0,"[121.91, 152.7, 54.85, 255.0]",0.0,[],0.0,0,0,"[141.4, 171.89, 59.35, 255.0]",0.0,[],0.0,[],CLEAN,CLEAN,
app/src/main/assets/Prepositions/scenes/scene_prepositions_crocodile_between.png,1448,1086,RGB,False,9cedc85ad11bf9a22ef903627120bc6597248c010c5239a9c4983351167f114d,,0,0,"[5.35, 154.62, 249.66, 255.0]",0.0,[],0.0,0,0,"[58.32, 102.75, 19.75, 255.0]",0.0,[],0.0,0,0,"[82.95, 115.89, 87.61, 255.0]",0.0,[],0.0,0,0,"[123.84, 146.52, 91.31, 255.0]",0.0,[],0.0,[],CLEAN,CLEAN,
app/src/main/assets/Prepositions/scenes/scene_prepositions_crocodile_far_from.png,1448,1086,RGB,False,762390b6e10b5c6e45bad66b1b4e0d1ea3370c400755ed286a49f71b82be91b1,,0,0,"[37.81, 127.91, 138.42, 255.0]",0.004834,[],0.004834,0,0,"[185.32, 162.27, 76.14, 255.0]",0.008287,[],0.008287,0,0,"[156.88, 150.81, 63.6, 255.0]",0.004604,[],0.004604,6,6,"[247.82, 249.34, 245.03, 255.0]",0.987109,"[[0, 6]]",0.987109,[],COSMETIC_EDGE_GUTTER,AMBIGUOUS_REVIEW_REQUIRED,Visually reviewed extraction gutter; repair deferred because fixed RGB dimensions cannot be safely padded.
app/src/main/assets/Prepositions/scenes/scene_prepositions_crocodile_in.png,1448,1086,RGB,False,c46922bc7533b16e1d1fb76a4a4a8e4352e0eaf0dd534441949e460d52f7bf9b,,0,0,"[103.5, 156.83, 131.97, 255.0]",0.0,[],0.0,0,0,"[104.33, 136.18, 37.5, 255.0]",0.012431,[],0.012431,0,0,"[122.51, 131.32, 51.39, 255.0]",0.001842,[],0.001842,0,0,"[152.79, 151.59, 67.06, 255.0]",0.006446,[],0.006446,[],CLEAN,CLEAN,
app/src/main/assets/Prepositions/scenes/scene_prepositions_crocodile_in_front_of.png,1448,1086,RGB,False,078cacffd7cd46b68ef24c8dc9771aed93d5b8c9075f0b8af0edca36b5d036d9,,0,0,"[50.23, 138.14, 137.5, 255.0]",0.019337,[],0.019337,0,0,"[146.97, 148.36, 47.97, 255.0]",0.033149,[],0.033149,0,21,"[140.33, 144.64, 27.77, 255.0]",0.0,"[[12, 33]]",0.0,2,2,"[254.54, 254.57, 254.88, 255.0]",1.0,"[[0, 2]]",1.0,"[{""edge"": ""left"", ""start"": 12, ""end"": 33, ""outer_coloured_fraction"": 0.9132, ""inner_coloured_fraction"": 0.7905}]",CONFIRMED_SEPARATOR_SLIVER,CONFIRMED_SEPARATOR_SLIVER,
app/src/main/assets/Prepositions/scenes/scene_prepositions_crocodile_near.png,1448,1086,RGB,False,70161bdb082f0bc0160beb671785c65ab1a0be99274b511c0cfe2d39eefe33d8,,0,0,"[87.17, 170.17, 181.57, 255.0]",0.019337,[],0.019337,0,0,"[93.91, 131.82, 37.07, 255.0]",0.019337,[],0.019337,0,28,"[199.36, 201.49, 171.98, 255.0]",0.046041,"[[5, 33]]",0.046041,0,0,"[138.54, 154.73, 53.24, 255.0]",0.000921,[],0.000921,"[{""edge"": ""left"", ""start"": 5, ""end"": 33, ""outer_coloured_fraction"": 0.9074, ""inner_coloured_fraction"": 0.95}]",CONFIRMED_SEPARATOR_SLIVER,CONFIRMED_SEPARATOR_SLIVER,
app/src/main/assets/Prepositions/scenes/scene_prepositions_crocodile_next_to.png,1448,1086,RGB,False,6344e29654cc468ded95f0f828a839cc1c3873c7e61359271ff7a4a5bd5eb34c,,0,0,"[62.01, 146.23, 176.72, 255.0]",0.013122,[],0.013122,0,0,"[167.6, 180.94, 14.2, 255.0]",0.013122,[],0.013122,0,0,"[134.14, 143.22, 39.68, 255.0]",0.006446,[],0.006446,0,8,"[140.0, 112.66, 43.06, 255.0]",0.011971,"[[44, 49], [55, 63]]",0.011971,"[{""edge"": ""right"", ""start"": 55, ""end"": 63, ""outer_coloured_fraction"": 0.7498, ""inner_coloured_fraction"": 0.7896}]",CONFIRMED_SEPARATOR_SLIVER,CONFIRMED_SEPARATOR_SLIVER,
app/src/main/assets/Prepositions/scenes/scene_prepositions_crocodile_on.png,1448,1086,RGB,False,936e67cb38084d27be361848e3d62880175f94d63792417b68295f9833f3f944,,0,0,"[48.82, 153.71, 158.04, 255.0]",0.0,[],0.0,0,0,"[101.35, 118.85, 12.61, 255.0]",0.0,[],0.0,0,0,"[118.89, 102.22, 28.91, 255.0]",0.0,[],0.0,0,0,"[118.13, 158.07, 93.21, 255.0]",0.021179,[],0.021179,[],CLEAN,CLEAN,
app/src/main/assets/Prepositions/scenes/scene_prepositions_crocodile_under.png,1448,1086,RGB,False,f27d29b6e3b0e98375e66d68e369a1e9fe9605f03ec985f759e391e5856def8c,,0,0,"[126.91, 187.08, 142.58, 255.0]",0.0,[],0.0,0,0,"[83.25, 135.82, 35.79, 255.0]",0.0,[],0.0,0,0,"[140.52, 161.53, 72.96, 255.0]",0.0,[],0.0,0,0,"[157.48, 175.45, 90.68, 255.0]",0.0,[],0.0,[],CLEAN,CLEAN,
app/src/main/assets/Prepositions/scenes/scene_prepositions_dinosaur_behind.png,1448,1086,RGB,False,606ad6da85a7e21f67ffff9bb9323a699b16c4e3d52b9fc266759d18b9ea2681,,0,0,"[14.4, 160.72, 252.31, 255.0]",0.0,[],0.0,0,0,"[94.56, 121.76, 17.84, 255.0]",0.0,[],0.0,0,0,"[97.06, 136.94, 94.35, 255.0]",0.0,[],0.0,0,0,"[146.01, 165.46, 72.28, 255.0]",0.0,[],0.0,[],CLEAN,CLEAN,
app/src/main/assets/Prepositions/scenes/scene_prepositions_dinosaur_between.png,1448,1086,RGB,False,48fda61a3abc41ffe9425d0e4c17d7b7b8f594f2eac4b609f7152f45e9396721,,0,0,"[10.53, 157.83, 250.2, 255.0]",0.0,[],0.0,2,2,"[252.86, 252.66, 252.88, 255.0]",1.0,"[[0, 2]]",1.0,0,0,"[110.02, 144.62, 117.27, 255.0]",0.001842,[],0.001842,0,0,"[127.43, 150.65, 97.16, 255.0]",0.001842,[],0.001842,[],COSMETIC_EDGE_GUTTER,AMBIGUOUS_REVIEW_REQUIRED,Visually reviewed extraction gutter; repair deferred because fixed RGB dimensions cannot be safely padded.
app/src/main/assets/Prepositions/scenes/scene_prepositions_dinosaur_far_from.png,1448,1086,RGB,False,855984cd91ca80dc649119c051460315188c4b114b658f7a223729dc4af7d342,,0,0,"[54.01, 132.16, 122.72, 255.0]",0.010359,[],0.010359,0,0,"[182.18, 161.48, 72.77, 255.0]",0.012431,[],0.012431,0,6,"[247.41, 247.67, 241.46, 255.0]",0.751381,"[[2, 8]]",0.751381,0,0,"[138.79, 155.15, 39.17, 255.0]",0.0,[],0.0,[],COSMETIC_EDGE_GUTTER,AMBIGUOUS_REVIEW_REQUIRED,Visually reviewed extraction gutter; repair deferred because fixed RGB dimensions cannot be safely padded.
app/src/main/assets/Prepositions/scenes/scene_prepositions_dinosaur_in.png,1448,1086,RGB,False,113d1594296fcf8c123dc1ee66936543d719c7087d5b8ffbe05b2b9482bb14f8,,0,0,"[110.0, 162.66, 133.18, 255.0]",0.0,[],0.0,0,0,"[167.0, 173.25, 62.05, 255.0]",0.002072,[],0.002072,0,0,"[117.69, 128.15, 48.77, 255.0]",0.0,[],0.0,0,0,"[151.21, 152.09, 62.52, 255.0]",0.003683,[],0.003683,[],CLEAN,CLEAN,
app/src/main/assets/Prepositions/scenes/scene_prepositions_dinosaur_in_front_of.png,1448,1086,RGB,False,add0674be28dd495d6b4d140837d27a211441d927309b614d63e56fd46011088,,0,0,"[44.44, 130.28, 132.18, 255.0]",0.013122,[],0.013122,0,0,"[136.27, 143.89, 28.73, 255.0]",0.024862,[],0.024862,9,9,"[254.41, 254.54, 253.66, 255.0]",1.0,"[[0, 9], [11, 17]]",1.0,0,0,"[166.73, 160.5, 56.46, 255.0]",0.003683,[],0.003683,[],COSMETIC_EDGE_GUTTER,AMBIGUOUS_REVIEW_REQUIRED,Visually reviewed extraction gutter; repair deferred because fixed RGB dimensions cannot be safely padded.
app/src/main/assets/Prepositions/scenes/scene_prepositions_dinosaur_near.png,1448,1086,RGB,False,0831b0e14c0d8e348d67d7df9be39aeec3db6d181f6e9a5f48b95232132f7fb2,,0,0,"[42.83, 163.37, 211.09, 255.0]",0.0,[],0.0,0,0,"[107.94, 140.86, 18.35, 255.0]",0.0,[],0.0,0,0,"[134.66, 145.99, 29.32, 255.0]",0.0,[],0.0,0,0,"[149.11, 154.69, 49.73, 255.0]",0.004604,[],0.004604,[],CLEAN,CLEAN,
app/src/main/assets/Prepositions/scenes/scene_prepositions_dinosaur_next_to.png,1448,1086,RGB,False,f37621e923ed5a6a1e5b62953e8a03a4ce7be65e0b68be213ee424b077af1503,,0,0,"[52.37, 145.78, 186.67, 255.0]",0.013122,[],0.013122,0,0,"[98.82, 110.44, 50.35, 255.0]",0.097376,[],0.097376,0,0,"[149.56, 156.83, 46.8, 255.0]",0.011971,[],0.011971,0,11,"[127.4, 115.27, 46.04, 255.0]",0.007366,"[[44, 49], [52, 63]]",0.007366,"[{""edge"": ""right"", ""start"": 52, ""end"": 63, ""outer_coloured_fraction"": 0.789, ""inner_coloured_fraction"": 0.7539}]",CONFIRMED_SEPARATOR_SLIVER,CONFIRMED_SEPARATOR_SLIVER,
app/src/main/assets/Prepositions/scenes/scene_prepositions_dinosaur_on.png,1448,1086,RGB,False,d9889338b6b7c303f7ae236b66412f57c0dfe71f67c2de7b4eff59650cb0dd8d,,0,0,"[65.12, 156.58, 154.94, 255.0]",0.0,[],0.0,0,0,"[116.35, 120.49, 37.39, 255.0]",0.0,[],0.0,0,0,"[119.17, 101.78, 24.68, 255.0]",0.0,[],0.0,0,0,"[125.61, 161.85, 92.18, 255.0]",0.022099,[],0.022099,[],CLEAN,CLEAN,
app/src/main/assets/Prepositions/scenes/scene_prepositions_dinosaur_under.png,1448,1086,RGB,False,f5a31c469dc65c32d2515842d6b26ed9db9433ef780a805de8b12a9c64b78937,,0,0,"[137.86, 201.45, 178.12, 255.0]",0.078729,[],0.078729,0,0,"[97.76, 147.8, 41.6, 255.0]",0.0,[],0.0,0,0,"[110.31, 153.44, 72.63, 255.0]",0.0,[],0.0,0,0,"[160.43, 191.66, 112.54, 255.0]",0.038674,[],0.038674,[],CLEAN,CLEAN,
app/src/main/assets/Prepositions/scenes/scene_prepositions_dragon_above.png,1448,1086,RGB,False,e7591195949a6a35b753a4d1a2377212ac7d078ea0ac0b9b2e7c13b1588bef15,,0,0,"[60.85, 155.89, 248.46, 255.0]",0.0,[],0.0,0,0,"[124.21, 174.0, 124.15, 255.0]",0.0,[],0.0,0,0,"[111.44, 190.73, 239.74, 255.0]",0.0,[],0.0,0,0,"[108.8, 189.5, 238.39, 255.0]",0.0,[],0.0,[],CLEAN,CLEAN,
app/src/main/assets/Prepositions/scenes/scene_prepositions_dragon_behind.png,1448,1086,RGB,False,58f24962e8fb5590f6faf39eb9e5404b3ca4302b578acee96d412ad32660a46d,,0,0,"[112.19, 167.55, 128.25, 255.0]",0.0,[],0.0,0,0,"[100.08, 141.67, 31.64, 255.0]",0.0,[],0.0,0,0,"[119.17, 132.66, 61.52, 255.0]",0.001842,[],0.001842,0,0,"[162.95, 173.15, 80.38, 255.0]",0.020258,[],0.020258,[],CLEAN,CLEAN,
app/src/main/assets/Prepositions/scenes/scene_prepositions_dragon_below.png,1448,1086,RGB,False,c6c58d9b37ece0a834252bee671a859f5369d7566304e6300514283978126d9c,,0,0,"[54.93, 162.65, 247.75, 255.0]",0.0,[],0.0,0,0,"[138.61, 177.86, 112.3, 255.0]",0.0,[],0.0,0,0,"[100.39, 184.01, 234.46, 255.0]",0.0,[],0.0,0,0,"[103.69, 184.66, 236.45, 255.0]",0.0,[],0.0,[],CLEAN,CLEAN,
app/src/main/assets/Prepositions/scenes/scene_prepositions_dragon_between.png,1448,1086,RGB,False,158e2ba4a1495cc961c197a5570e575f263e6b32975cce89032d9f9cc6e1a415,,0,0,"[6.32, 154.68, 250.61, 255.0]",0.0,[],0.0,0,0,"[55.92, 101.56, 19.98, 255.0]",0.0,[],0.0,0,0,"[77.72, 124.54, 84.24, 255.0]",0.0,[],0.0,0,0,"[117.97, 134.87, 78.11, 255.0]",0.007366,[],0.007366,[],CLEAN,CLEAN,
app/src/main/assets/Prepositions/scenes/scene_prepositions_dragon_far_from.png,1448,1086,RGB,False,1e41a214070f7fbc7afeacb8567d6764c203e97422da2a828d78b80c271f2dbe,,0,0,"[66.12, 110.43, 112.26, 255.0]",0.001381,[],0.001381,0,0,"[155.22, 137.73, 72.18, 255.0]",0.004834,[],0.004834,0,0,"[146.69, 135.88, 52.71, 255.0]",0.006446,[],0.006446,0,0,"[254.0, 254.14, 248.84, 255.0]",0.813996,[],0.813996,[],CLEAN,CLEAN,
app/src/main/assets/Prepositions/scenes/scene_prepositions_dragon_in.png,1448,1086,RGB,False,b6427f52091db09fe21a7b3d291588f2524f9d75d6e12766be7102b2935a7b5f,,0,0,"[98.81, 160.1, 146.16, 255.0]",0.0,[],0.0,0,0,"[93.36, 129.48, 24.83, 255.0]",0.0,[],0.0,0,0,"[125.96, 144.51, 54.47, 255.0]",0.0,[],0.0,0,0,"[133.26, 129.21, 53.82, 255.0]",0.0,[],0.0,[],CLEAN,CLEAN,
app/src/main/assets/Prepositions/scenes/scene_prepositions_dragon_in_front_of.png,1448,1086,RGB,False,f6b4a699f6560571885d20948ee715c35181841e8e44b83013a657a599da5ddd,,0,0,"[42.2, 130.52, 132.78, 255.0]",0.015884,[],0.015884,0,0,"[166.38, 95.61, 41.34, 255.0]",0.023481,[],0.023481,21,21,"[250.76, 251.06, 248.51, 255.0]",1.0,"[[0, 21]]",1.0,0,0,"[142.58, 137.9, 35.89, 255.0]",0.0,[],0.0,[],COSMETIC_EDGE_GUTTER,AMBIGUOUS_REVIEW_REQUIRED,Visually reviewed extraction gutter; repair deferred because fixed RGB dimensions cannot be safely padded.
app/src/main/assets/Prepositions/scenes/scene_prepositions_dragon_near.png,1448,1086,RGB,False,c0ba0dfe9b33ee9db5bc639be170cb0bf26bc8996de83a8db8007546db379428,,0,0,"[45.22, 157.64, 204.62, 255.0]",0.015193,[],0.015193,0,0,"[127.89, 160.54, 16.33, 255.0]",0.024171,[],0.024171,22,22,"[252.28, 253.07, 252.59, 255.0]",1.0,"[[0, 22]]",1.0,0,0,"[118.92, 146.62, 45.83, 255.0]",0.012891,[],0.012891,[],COSMETIC_EDGE_GUTTER,AMBIGUOUS_REVIEW_REQUIRED,Visually reviewed extraction gutter; repair deferred because fixed RGB dimensions cannot be safely padded.
app/src/main/assets/Prepositions/scenes/scene_prepositions_dragon_next_to.png,1448,1086,RGB,False,035c00678f82c4722f44ca174d096dd5cede5519d3ecabad89b4642e76ba0306,,0,0,"[137.55, 132.57, 120.46, 255.0]",0.017265,[],0.017265,0,0,"[135.86, 143.38, 32.11, 255.0]",0.05663,[],0.05663,0,0,"[175.54, 162.48, 64.36, 255.0]",0.019337,[],0.019337,0,6,"[127.69, 113.5, 41.61, 255.0]",0.0,"[[43, 48], [54, 60]]",0.0,"[{""edge"": ""right"", ""start"": 54, ""end"": 60, ""outer_coloured_fraction"": 0.7547, ""inner_coloured_fraction"": 0.4431}]",CONFIRMED_SEPARATOR_SLIVER,CONFIRMED_SEPARATOR_SLIVER,
app/src/main/assets/Prepositions/scenes/scene_prepositions_dragon_on.png,1448,1086,RGB,False,afa8c25d497d7269cc675552e49c1fbbdea47b8ed5cb7421c62e2b0c8e7cad99,,0,0,"[51.81, 148.91, 153.73, 255.0]",0.0,[],0.0,0,0,"[110.44, 115.53, 34.0, 255.0]",0.0,[],0.0,0,0,"[102.09, 93.41, 26.77, 255.0]",0.0,[],0.0,0,0,"[122.31, 162.47, 92.6, 255.0]",0.026703,[],0.026703,[],CLEAN,CLEAN,
app/src/main/assets/Prepositions/scenes/scene_prepositions_dragon_under.png,1448,1086,RGB,False,a2ed002d5717c94ed90217ea85f65fbd54b5577ef69aa7fcc7137e289f7373ef,,0,0,"[110.75, 176.25, 158.5, 255.0]",0.0,[],0.0,0,0,"[111.04, 158.62, 36.17, 255.0]",0.0,[],0.0,0,0,"[104.38, 145.7, 74.95, 255.0]",0.0,[],0.0,0,0,"[157.38, 188.83, 86.09, 255.0]",0.0,[],0.0,[],CLEAN,CLEAN,
app/src/main/assets/Prepositions/scenes/scene_prepositions_fish_inside.png,1448,1086,RGB,False,16c7b935b90fe07dcf46cde965794282aca181544155cbf5301a11155194e3e6,,0,0,"[69.34, 119.76, 116.3, 255.0]",0.006906,[],0.006906,0,0,"[91.76, 63.02, 58.15, 255.0]",0.01174,[],0.01174,3,3,"[254.99, 254.98, 254.96, 255.0]",1.0,"[[0, 3]]",1.0,5,5,"[252.49, 252.66, 252.06, 255.0]",1.0,"[[0, 5]]",1.0,[],COSMETIC_EDGE_GUTTER,AMBIGUOUS_REVIEW_REQUIRED,Visually reviewed extraction gutter; repair deferred because fixed RGB dimensions cannot be safely padded.
app/src/main/assets/Prepositions/scenes/scene_prepositions_fish_outside.png,1448,1086,RGB,False,49c1d8f08bf8ccf981bcdfdb59c7e3ef18bab85102949a21b1bf1a25ed2b2928,,0,0,"[36.69, 139.06, 175.44, 255.0]",0.007597,[],0.007597,0,0,"[163.21, 146.9, 116.79, 255.0]",0.01174,[],0.01174,3,3,"[254.9, 254.85, 254.91, 255.0]",1.0,"[[0, 3]]",1.0,6,6,"[250.57, 250.53, 249.45, 255.0]",0.995396,"[[0, 6]]",0.995396,[],COSMETIC_EDGE_GUTTER,AMBIGUOUS_REVIEW_REQUIRED,Visually reviewed extraction gutter; repair deferred because fixed RGB dimensions cannot be safely padded.
app/src/main/assets/Prepositions/scenes/scene_prepositions_octopus_inside.png,1448,1086,RGB,False,b10b46c3f41fc3685abd18e99293169b6574505e680a719de77539620b94aaca,,0,0,"[62.74, 120.08, 126.74, 255.0]",0.004834,[],0.004834,0,0,"[189.29, 64.84, 52.67, 255.0]",0.006215,[],0.006215,0,6,"[242.55, 243.71, 243.58, 255.0]",0.638122,"[[2, 8]]",0.638122,0,0,"[134.25, 127.22, 117.11, 255.0]",0.0,[],0.0,[],COSMETIC_EDGE_GUTTER,AMBIGUOUS_REVIEW_REQUIRED,Visually reviewed extraction gutter; repair deferred because fixed RGB dimensions cannot be safely padded.
app/src/main/assets/Prepositions/scenes/scene_prepositions_octopus_outside.png,1448,1086,RGB,False,12d2938be2b5338dc55757d379b63b48fae06e8592e4df4fe589204f61a52a5e,,0,0,"[74.05, 135.43, 155.8, 255.0]",0.005525,[],0.005525,0,0,"[184.6, 80.58, 57.81, 255.0]",0.004834,[],0.004834,0,5,"[242.49, 242.16, 242.0, 255.0]",0.493554,"[[2, 7]]",0.493554,0,0,"[119.36, 107.09, 78.74, 255.0]",0.0,[],0.0,[],COSMETIC_EDGE_GUTTER,AMBIGUOUS_REVIEW_REQUIRED,Visually reviewed extraction gutter; repair deferred because fixed RGB dimensions cannot be safely padded.
app/src/main/assets/Prepositions/scenes/scene_prepositions_seahorse_inside.png,1448,1086,RGB,False,8ea7b76d6436e6dcb454687297093b34cd349224337a1513bc4762e6d86afe1e,,0,0,"[101.72, 137.55, 129.11, 255.0]",0.028315,[],0.028315,0,0,"[108.87, 87.07, 71.33, 255.0]",0.036602,[],0.036602,21,21,"[251.11, 250.81, 250.59, 255.0]",1.0,"[[0, 21], [23, 28]]",1.0,11,11,"[252.06, 252.06, 251.51, 255.0]",1.0,"[[0, 11]]",1.0,[],COSMETIC_EDGE_GUTTER,AMBIGUOUS_REVIEW_REQUIRED,Visually reviewed extraction gutter; repair deferred because fixed RGB dimensions cannot be safely padded.
app/src/main/assets/Prepositions/scenes/scene_prepositions_seahorse_outside.png,1448,1086,RGB,False,7b953c86aa8a9545f5e23d98e4555eb11d7c7723728dcba864cff6daeafb2598,,0,0,"[66.37, 141.04, 151.93, 255.0]",0.024862,[],0.024862,0,0,"[183.84, 159.93, 119.99, 255.0]",0.025552,[],0.025552,25,25,"[253.14, 253.5, 252.9, 255.0]",1.0,"[[0, 25], [27, 31]]",1.0,0,4,"[248.75, 247.57, 247.27, 255.0]",0.943831,"[[1, 5]]",0.943831,[],COSMETIC_EDGE_GUTTER,AMBIGUOUS_REVIEW_REQUIRED,Visually reviewed extraction gutter; repair deferred because fixed RGB dimensions cannot be safely padded.
app/src/main/assets/Prepositions/scenes/scene_prepositions_snake_behind.png,1448,1086,RGB,False,7b646112695ada8fdb4302dafd9fa2a9040b81935f5e5a202e5234094ae43f58,,0,0,"[89.65, 183.72, 251.2, 255.0]",0.0,[],0.0,0,0,"[79.41, 119.64, 34.33, 255.0]",0.0,[],0.0,0,0,"[130.55, 170.65, 123.07, 255.0]",0.007366,[],0.007366,0,0,"[119.5, 167.82, 110.82, 255.0]",0.0,[],0.0,[],CLEAN,CLEAN,
app/src/main/assets/Prepositions/scenes/scene_prepositions_snake_between.png,1448,1086,RGB,False,ecdb3e1345cad2d827cd10e8dc6d94fb8f5ade1c32d85981058b952b6236a5f1,,0,0,"[7.79, 156.54, 250.6, 255.0]",0.0,[],0.0,2,2,"[251.99, 251.77, 251.84, 255.0]",1.0,"[[0, 2]]",1.0,0,0,"[74.8, 125.11, 78.62, 255.0]",0.001842,[],0.001842,0,0,"[154.71, 169.73, 128.65, 255.0]",0.008287,[],0.008287,[],COSMETIC_EDGE_GUTTER,AMBIGUOUS_REVIEW_REQUIRED,Visually reviewed extraction gutter; repair deferred because fixed RGB dimensions cannot be safely padded.
app/src/main/assets/Prepositions/scenes/scene_prepositions_snake_far_from.png,1448,1086,RGB,False,4695a3715f454aee6121a0e74164893de27709f0d43aced6aa536f2423a1d937,,0,0,"[45.17, 126.87, 121.17, 255.0]",0.008287,[],0.008287,0,0,"[167.53, 149.8, 83.53, 255.0]",0.029696,[],0.029696,11,11,"[253.55, 253.51, 253.02, 255.0]",1.0,"[[0, 11]]",1.0,0,0,"[131.31, 160.82, 33.06, 255.0]",0.0,[],0.0,[],COSMETIC_EDGE_GUTTER,AMBIGUOUS_REVIEW_REQUIRED,Visually reviewed extraction gutter; repair deferred because fixed RGB dimensions cannot be safely padded.
app/src/main/assets/Prepositions/scenes/scene_prepositions_snake_in.png,1448,1086,RGB,False,e62b6d33a28afbba60a2ba72ee6845562a5a60ef523b557225f104d199d3bd70,,0,0,"[98.77, 164.66, 155.4, 255.0]",0.0,[],0.0,0,0,"[142.93, 157.93, 56.66, 255.0]",0.0,[],0.0,0,0,"[130.0, 147.54, 49.96, 255.0]",0.0,[],0.0,0,0,"[140.63, 133.03, 57.6, 255.0]",0.0,[],0.0,[],CLEAN,CLEAN,
app/src/main/assets/Prepositions/scenes/scene_prepositions_snake_in_front_of.png,1448,1086,RGB,False,56a75d8129a559a864c9bf7acbfc2c71fd1a9c68ca0e4bb4ff3573bc0fb3956b,,0,0,"[37.46, 131.09, 139.43, 255.0]",0.0,[],0.0,0,0,"[103.59, 123.24, 33.9, 255.0]",0.025552,[],0.025552,0,0,"[100.86, 130.23, 15.15, 255.0]",0.0,[],0.0,0,0,"[151.25, 151.63, 42.77, 255.0]",0.0,[],0.0,[],CLEAN,CLEAN,
app/src/main/assets/Prepositions/scenes/scene_prepositions_snake_near.png,1448,1086,RGB,False,780abd5021a6e2553172cc308e98b3be3836b32775e4ebf182992231b513b231,,0,0,"[35.78, 161.92, 234.66, 255.0]",0.050414,[],0.050414,0,0,"[103.3, 141.96, 5.13, 255.0]",0.0,[],0.0,0,0,"[133.36, 167.9, 37.94, 255.0]",0.014733,[],0.014733,0,0,"[161.36, 169.63, 75.38, 255.0]",0.008287,[],0.008287,[],CLEAN,CLEAN,
app/src/main/assets/Prepositions/scenes/scene_prepositions_snake_next_to.png,1448,1086,RGB,False,72addcf37b5538e910ebae51e188afc2babab6a94548ade971dead1a9a910346,,0,0,"[82.47, 160.15, 180.69, 255.0]",0.014503,[],0.014503,0,0,"[121.35, 132.38, 33.32, 255.0]",0.015884,[],0.015884,0,0,"[147.88, 142.25, 44.99, 255.0]",0.004604,[],0.004604,0,8,"[125.64, 123.17, 43.28, 255.0]",0.005525,"[[43, 49], [53, 61]]",0.005525,"[{""edge"": ""right"", ""start"": 53, ""end"": 61, ""outer_coloured_fraction"": 0.7605, ""inner_coloured_fraction"": 0.5268}]",CONFIRMED_SEPARATOR_SLIVER,CONFIRMED_SEPARATOR_SLIVER,
app/src/main/assets/Prepositions/scenes/scene_prepositions_snake_on.png,1448,1086,RGB,False,6b0f7e46ec05336b8730c6b7e61324d69c59a7de69f16461e0149eecf39108d7,,0,0,"[54.51, 154.71, 157.53, 255.0]",0.0,[],0.0,0,0,"[99.89, 117.2, 11.54, 255.0]",0.0,[],0.0,0,0,"[106.02, 93.6, 25.98, 255.0]",0.0,[],0.0,0,0,"[122.48, 161.02, 88.7, 255.0]",0.041436,[],0.041436,[],CLEAN,CLEAN,
app/src/main/assets/Prepositions/scenes/scene_prepositions_snake_under.png,1448,1086,RGB,False,2fec11a3ee266be9a5e3fbabbc4aa0b36987c44f849f43c0947f4ac0671da48b,,0,0,"[136.51, 190.56, 162.79, 255.0]",0.0,[],0.0,0,0,"[99.58, 143.02, 37.93, 255.0]",0.0,[],0.0,0,0,"[135.78, 149.17, 75.98, 255.0]",0.0,[],0.0,0,0,"[151.51, 181.32, 90.91, 255.0]",0.0,[],0.0,[],CLEAN,CLEAN,
app/src/main/assets/Prepositions/scenes/scene_prepositions_turtle_inside.png,1448,1086,RGB,False,cf368f99c36c36a777913860f9f6af59d42c535008a4fd8585d1354c448f4119,,0,0,"[78.69, 122.13, 124.3, 255.0]",0.001381,[],0.001381,0,0,"[78.85, 74.23, 47.89, 255.0]",0.001381,[],0.001381,0,0,"[97.93, 113.73, 124.85, 255.0]",0.0,[],0.0,0,0,"[253.59, 253.65, 252.77, 255.0]",0.955801,[],0.955801,[],CLEAN,CLEAN,
app/src/main/assets/Prepositions/scenes/scene_prepositions_turtle_outside.png,1448,1086,RGB,False,f73fb3c04a90a273b50e113250be284064418a424d24050a65a6b0a0d1cf35da,,0,0,"[57.32, 128.26, 156.68, 255.0]",0.002072,[],0.002072,0,0,"[153.81, 142.87, 100.62, 255.0]",0.002072,[],0.002072,0,0,"[93.12, 100.39, 117.29, 255.0]",0.0,[],0.0,2,2,"[254.18, 254.5, 253.85, 255.0]",1.0,"[[0, 2]]",1.0,[],COSMETIC_EDGE_GUTTER,AMBIGUOUS_REVIEW_REQUIRED,Visually reviewed extraction gutter; repair deferred because fixed RGB dimensions cannot be safely padded.
app/src/main/assets/SceneDescriptions/classroom_school/canonical/classroom_001_tasks.png,1448,1086,RGB,False,3ae81c3c3b78b1c6ae564415df121e2726759c6b9df6fec72faef8845837228d,,0,0,"[148.16, 187.57, 196.37, 255.0]",0.0,[],0.0,0,0,"[81.47, 108.15, 191.55, 255.0]",0.0,[],0.0,0,0,"[209.97, 184.59, 147.85, 255.0]",0.006446,[],0.006446,0,0,"[187.27, 149.44, 104.44, 255.0]",0.0,[],0.0,[],CLEAN,CLEAN,
app/src/main/assets/SceneDescriptions/classroom_school/canonical/classroom_002_routines.png,1448,1086,RGB,False,1b9d32cf60a9e0d808e6fdba82e1258cd9cef2db0c635355a1cba1d2d72085b8,,0,0,"[180.07, 201.16, 182.95, 255.0]",0.022099,[],0.022099,0,0,"[73.19, 103.13, 202.4, 255.0]",0.0,[],0.0,0,0,"[189.32, 171.12, 138.97, 255.0]",0.013812,[],0.013812,0,0,"[180.79, 159.97, 134.29, 255.0]",0.0,[],0.0,[],CLEAN,CLEAN,
app/src/main/assets/SceneDescriptions/classroom_school/canonical/classroom_003_positions.png,1448,1086,RGB,False,c464ed95b17dcbd7615f5c5a0b475e915072036019255b2f383dfda5183ffb27,,0,0,"[186.25, 198.19, 197.34, 255.0]",0.003453,[],0.003453,0,0,"[220.67, 179.87, 127.87, 255.0]",0.0,[],0.0,0,0,"[198.11, 187.16, 153.81, 255.0]",0.011971,[],0.011971,0,0,"[191.48, 145.67, 94.59, 255.0]",0.0,[],0.0,[],CLEAN,CLEAN,
app/src/main/assets/SceneDescriptions/classroom_school/canonical/classroom_004_objects_places.png,1430,990,RGB,False,9ba210b9b9da5dc95ded810f1324a4b859bdda10b6691d3fedb0b322a0799b62,,0,0,"[237.34, 241.41, 239.66, 255.0]",0.220979,[],0.220979,0,0,"[244.45, 236.29, 226.75, 255.0]",0.013986,[],0.013986,0,0,"[185.39, 172.96, 148.1, 255.0]",0.024242,[],0.024242,0,0,"[246.67, 230.99, 214.72, 255.0]",0.00202,[],0.00202,[],CLEAN,CLEAN,
app/src/main/assets/SceneDescriptions/classroom_school/canonical/classroom_005_quiet_corner.png,1436,989,RGB,False,c14206c804166bcb8f945f69366f4402fcab604f07f6daf5110cfc2d1294f246,,0,0,"[232.01, 233.93, 224.74, 255.0]",0.12883,[],0.12883,0,0,"[222.03, 236.87, 233.78, 255.0]",0.002786,[],0.002786,0,0,"[238.33, 240.71, 228.13, 255.0]",0.109201,[],0.109201,0,0,"[230.24, 229.25, 231.9, 255.0]",0.021234,[],0.021234,[],CLEAN,CLEAN,
app/src/main/assets/SceneDescriptions/classroom_school/canonical/classroom_006_art_sorting.png,1430,989,RGB,False,211ed0a27c9571984a51a4edd51ae021c90c669947c55946c724d53417636133,,0,0,"[224.56, 223.04, 216.08, 255.0]",0.03007,[],0.03007,0,0,"[242.34, 228.83, 215.87, 255.0]",0.001399,[],0.001399,0,0,"[235.25, 208.34, 203.49, 255.0]",0.037412,[],0.037412,0,0,"[204.82, 163.65, 118.17, 255.0]",0.0,[],0.0,[],CLEAN,CLEAN,
app/src/main/assets/SceneDescriptions/classroom_school/canonical/classroom_007_school_routines.png,1448,1086,RGB,False,c4f008b97c707ad9bffd20a78d9253e02414aeb0cdd3fd19145278763c52e94e,,0,0,"[187.45, 183.83, 173.42, 255.0]",0.000691,[],0.000691,0,0,"[142.09, 118.64, 104.47, 255.0]",0.0,[],0.0,0,0,"[190.91, 163.27, 125.48, 255.0]",0.000921,[],0.000921,0,0,"[149.57, 119.38, 84.73, 255.0]",0.0,[],0.0,[],CLEAN,CLEAN,
app/src/main/assets/SceneDescriptions/classroom_school/canonical/classroom_008_helping_cleanup.png,1448,1086,RGB,False,8f54ad92db99841361a9e4538ec826c3931ab4cc3c6dc5a43797a3c94af56231,,0,0,"[180.54, 193.08, 172.05, 255.0]",0.01105,[],0.01105,0,0,"[218.87, 110.56, 78.04, 255.0]",0.0,[],0.0,0,0,"[163.0, 170.48, 170.31, 255.0]",0.030387,[],0.030387,0,0,"[207.97, 148.14, 83.85, 255.0]",0.0,[],0.0,[],CLEAN,CLEAN,
app/src/main/assets/SceneDescriptions/classroom_school/canonical/classroom_009_end_of_day.png,1448,1086,RGB,False,6c3c9351d18eca1be0b0b3220efd84488c38d9b932a38d39c0db51668d00feef,,0,0,"[174.31, 170.98, 150.45, 255.0]",0.003453,[],0.003453,0,0,"[164.1, 137.06, 89.63, 255.0]",0.0,[],0.0,0,0,"[141.68, 147.03, 129.77, 255.0]",0.001842,[],0.001842,0,0,"[136.45, 121.3, 106.21, 255.0]",0.0,[],0.0,[],CLEAN,CLEAN,
app/src/main/assets/SceneDescriptions/countryside_farm/canonical/farm_001_tasks.png,1448,1086,RGB,False,273e85f05748bc5e4150b2dc414b3fe3c752b9ba067d20c29460ebd80014aee1,,0,0,"[115.01, 150.45, 175.74, 255.0]",0.0,[],0.0,0,0,"[96.51, 92.95, 25.78, 255.0]",0.0,[],0.0,0,0,"[107.9, 126.91, 53.5, 255.0]",0.0,[],0.0,0,0,"[120.36, 94.66, 39.0, 255.0]",0.011971,[],0.011971,[],CLEAN,CLEAN,
app/src/main/assets/SceneDescriptions/countryside_farm/canonical/farm_002_features.png,1448,1086,RGB,False,5de79001b1fb2f5ee8bb58162f0f629311ddeea1ba787d6d35a529af856640fd,,0,0,"[72.06, 178.53, 250.8, 255.0]",0.0,[],0.0,0,0,"[100.19, 140.5, 33.43, 255.0]",0.0,[],0.0,0,0,"[130.11, 160.82, 71.7, 255.0]",0.011971,[],0.011971,0,0,"[119.35, 164.45, 137.96, 255.0]",0.0,[],0.0,[],CLEAN,CLEAN,
app/src/main/assets/SceneDescriptions/countryside_farm/canonical/farm_003_positions.png,1448,1086,RGB,False,edcfeee3f478ed9df0cb0b96a3e6fcb023e935a8cda6356c12e92913c9554980,,0,0,"[109.51, 181.79, 203.65, 255.0]",0.000691,[],0.000691,0,0,"[136.83, 142.95, 48.56, 255.0]",0.0,[],0.0,0,0,"[118.83, 127.82, 52.41, 255.0]",0.003683,[],0.003683,0,0,"[129.02, 166.5, 111.05, 255.0]",0.038674,[],0.038674,[],CLEAN,CLEAN,
app/src/main/assets/SceneDescriptions/countryside_farm/canonical/farm_004_animal_actions.png,1431,1073,RGB,False,d891cf333e94ed6ee832697e5442327477fef1b80384114c78cf2a3d445f9a00,,0,0,"[136.59, 136.46, 139.57, 255.0]",0.0,[],0.0,0,0,"[244.07, 235.35, 219.21, 255.0]",0.004193,[],0.004193,0,0,"[142.64, 126.18, 83.71, 255.0]",0.0,[],0.0,0,0,"[236.84, 236.3, 225.31, 255.0]",0.027959,[],0.027959,[],CLEAN,CLEAN,
app/src/main/assets/SceneDescriptions/countryside_farm/canonical/farm_005_transport_and_places.png,1436,1073,RGB,False,b04cffc6a366bb8f03e1ec14dd2fbcf11dda75af3ffd6ef879222f3a2f401cde,,0,0,"[91.45, 179.0, 251.05, 255.0]",0.0,[],0.0,0,0,"[216.0, 228.16, 225.24, 255.0]",0.060585,[],0.060585,0,0,"[232.73, 237.86, 218.8, 255.0]",0.018639,[],0.018639,0,0,"[233.49, 234.61, 217.91, 255.0]",0.011184,[],0.011184,[],CLEAN,CLEAN,
app/src/main/assets/SceneDescriptions/countryside_farm/canonical/farm_006_garden_food.png,1430,1073,RGB,False,60c1e78f649716ea35e101789a19501b13fb4105a5451070aa2622ca59163357,,0,0,"[76.42, 153.45, 119.98, 255.0]",0.0,[],0.0,0,0,"[228.98, 234.38, 210.23, 255.0]",0.005594,[],0.005594,0,0,"[215.04, 221.64, 195.21, 255.0]",0.0,[],0.0,0,0,"[121.28, 130.03, 46.72, 255.0]",0.0,[],0.0,[],CLEAN,CLEAN,
app/src/main/assets/SceneDescriptions/countryside_farm/canonical/farm_007_morning_jobs.png,1448,1086,RGB,False,0de88e67891405715f675f66145fa03142093ba42508fe7c56c9c6db33a5f357,,0,0,"[125.41, 156.67, 150.87, 255.0]",0.0,[],0.0,0,0,"[156.43, 156.58, 67.94, 255.0]",0.0,[],0.0,0,0,"[127.92, 132.42, 46.65, 255.0]",0.0,[],0.0,0,0,"[199.73, 143.19, 92.81, 255.0]",0.009208,[],0.009208,[],CLEAN,CLEAN,
app/src/main/assets/SceneDescriptions/countryside_farm/canonical/farm_008_farmyard_friends.png,1448,1086,RGB,False,bf19cdc934d2369166cd849c3326e1dc691b2ead09852e3165a8a67197bc6254,,0,0,"[137.44, 151.08, 133.41, 255.0]",0.0,[],0.0,0,0,"[130.35, 151.08, 48.91, 255.0]",0.0,[],0.0,0,0,"[134.71, 155.21, 47.45, 255.0]",0.006446,[],0.006446,0,0,"[131.15, 130.78, 104.55, 255.0]",0.0,[],0.0,[],CLEAN,CLEAN,
app/src/main/assets/SceneDescriptions/countryside_farm/canonical/farm_009_animal_care.png,1448,1086,RGB,False,b10a9fd56a620d22fc63dbecac781475efb4284d171863c7098e9bbf0c94ced8,,0,0,"[97.86, 165.24, 177.24, 255.0]",0.0,[],0.0,0,0,"[122.77, 128.49, 45.76, 255.0]",0.0,[],0.0,0,0,"[147.08, 147.81, 71.75, 255.0]",0.0,[],0.0,0,0,"[155.47, 134.54, 59.48, 255.0]",0.0,[],0.0,[],CLEAN,CLEAN,
app/src/main/assets/SceneDescriptions/jungle_rainforest/canonical/jungle_001_actions.png,1448,1086,RGB,False,80a252c56a4c6c7bbd1e6436312bc27e41868f45c16fd2509f7c0af32d071147,,0,0,"[113.73, 143.64, 80.33, 255.0]",0.0,[],0.0,0,0,"[64.97, 90.65, 40.72, 255.0]",0.0,[],0.0,0,0,"[82.74, 100.25, 31.63, 255.0]",0.003683,[],0.003683,0,0,"[76.01, 87.52, 24.34, 255.0]",0.0,[],0.0,[],CLEAN,CLEAN,
app/src/main/assets/SceneDescriptions/jungle_rainforest/canonical/jungle_002_colours_features.png,1448,1086,RGB,False,be20fc496264f05d515d361d0223bc63f3a6eda78fa48484de1bf8d7e5926728,,0,0,"[88.19, 131.52, 65.31, 255.0]",0.0,[],0.0,0,0,"[49.56, 92.61, 28.15, 255.0]",0.0,[],0.0,0,0,"[73.22, 92.97, 32.17, 255.0]",0.0,[],0.0,0,0,"[70.87, 92.21, 18.28, 255.0]",0.0,[],0.0,[],CLEAN,CLEAN,
app/src/main/assets/SceneDescriptions/jungle_rainforest/canonical/jungle_003_positions.png,1448,1086,RGB,False,4dd15f9b755fea71bd2046b2c736eab12ac8d78d73876204fa83cce6b9a8f0c1,,0,0,"[75.48, 124.07, 89.97, 255.0]",0.0,[],0.0,0,0,"[54.56, 89.65, 15.54, 255.0]",0.0,[],0.0,0,0,"[59.46, 105.03, 22.94, 255.0]",0.0,[],0.0,0,0,"[66.22, 89.26, 16.05, 255.0]",0.0,[],0.0,[],CLEAN,CLEAN,
app/src/main/assets/SceneDescriptions/jungle_rainforest/canonical/jungle_004_animal_homes.png,1448,1086,RGB,False,7645aa0cfbf214ddce6b8f5f10beee388caf94b3af38eaa2e51247b590fba792,,0,0,"[101.83, 143.62, 73.35, 255.0]",0.0,[],0.0,0,0,"[44.58, 83.59, 20.16, 255.0]",0.0,[],0.0,0,0,"[84.53, 96.09, 39.16, 255.0]",0.0,[],0.0,0,0,"[73.41, 100.17, 26.08, 255.0]",0.0,[],0.0,[],CLEAN,CLEAN,
app/src/main/assets/SceneDescriptions/jungle_rainforest/canonical/jungle_005_busy_actions.png,1448,1086,RGB,False,227ab219ae8f99135bf553d926b236823e8ee79f841bf891bf700943e0b6d3f7,,0,0,"[71.74, 118.87, 62.57, 255.0]",0.0,[],0.0,0,0,"[55.88, 86.51, 24.37, 255.0]",0.0,[],0.0,0,0,"[70.69, 114.15, 28.04, 255.0]",0.0,[],0.0,0,0,"[99.01, 99.25, 28.84, 255.0]",0.0,[],0.0,[],CLEAN,CLEAN,
app/src/main/assets/SceneDescriptions/jungle_rainforest/canonical/jungle_006_big_small_groups.png,1448,1086,RGB,False,c774f1a9f1d96ca1b3b04c5606736855c626ffecd9a35edbc7e8518286930aee,,0,0,"[103.41, 124.56, 56.34, 255.0]",0.007597,[],0.007597,0,0,"[87.35, 107.89, 86.63, 255.0]",0.0,[],0.0,0,0,"[63.86, 86.81, 38.2, 255.0]",0.0,[],0.0,0,0,"[94.08, 109.82, 67.87, 255.0]",0.0,[],0.0,[],CLEAN,CLEAN,
app/src/main/assets/SceneDescriptions/jungle_rainforest/canonical/jungle_007_story_actions.png,1448,1086,RGB,False,efcdb789b4e1cba33ac29c3f05b55d9f360863f91ea0d2922c4ba05980a76c84,,0,0,"[86.54, 107.61, 24.98, 255.0]",0.004144,[],0.004144,0,0,"[93.44, 109.73, 70.53, 255.0]",0.002072,[],0.002072,0,0,"[58.08, 87.29, 36.99, 255.0]",0.0,[],0.0,0,0,"[74.35, 73.74, 27.62, 255.0]",0.0,[],0.0,[],CLEAN,CLEAN,
app/src/main/assets/SceneDescriptions/jungle_rainforest/canonical/jungle_008_clue_finding.png,1448,1086,RGB,False,096344d3383ed76235e599a76c1b323e2ce250857157abb11bbeab743c8a7e0c,,0,0,"[73.35, 116.75, 81.4, 255.0]",0.0,[],0.0,0,0,"[68.38, 91.99, 51.88, 255.0]",0.0,[],0.0,0,0,"[62.93, 89.9, 34.17, 255.0]",0.0,[],0.0,0,0,"[51.76, 77.89, 33.41, 255.0]",0.0,[],0.0,[],CLEAN,CLEAN,
app/src/main/assets/SceneDescriptions/jungle_rainforest/canonical/jungle_009_actions_directions.png,1448,1086,RGB,False,e5f69b83ba9d9e4fefadd99d2ea56ec80cb52dacf72a5064f4aa1c5b1e0917e8,,0,0,"[88.04, 136.46, 88.74, 255.0]",0.0,[],0.0,0,0,"[65.68, 96.67, 17.99, 255.0]",0.0,[],0.0,0,0,"[102.86, 101.1, 35.4, 255.0]",0.0,[],0.0,0,0,"[98.97, 105.6, 31.04, 255.0]",0.0,[],0.0,[],CLEAN,CLEAN,
app/src/main/assets/SceneDescriptions/mountains_alpine/canonical/mountains_001_features.png,1448,1086,RGB,False,531cd1dbf167a3fc24dcb0f0cc0c0a76762570c5e906665bed2f90dc9f1def8f,,0,0,"[63.68, 167.76, 250.03, 255.0]",0.026243,[],0.026243,0,0,"[129.99, 128.34, 62.37, 255.0]",0.0,[],0.0,0,0,"[121.23, 139.12, 76.66, 255.0]",0.0,[],0.0,0,0,"[149.1, 157.29, 103.95, 255.0]",0.0,[],0.0,[],CLEAN,CLEAN,
app/src/main/assets/SceneDescriptions/mountains_alpine/canonical/mountains_002_actions.png,1448,1086,RGB,False,b45a04233f75a2512f57262a07312ef61ad4cef100c2073baa6b807af54b7e21,,0,0,"[62.12, 169.87, 251.38, 255.0]",0.0,[],0.0,0,0,"[115.64, 130.85, 51.35, 255.0]",0.0,[],0.0,0,0,"[128.4, 145.59, 106.55, 255.0]",0.002762,[],0.002762,0,0,"[141.45, 168.77, 117.33, 255.0]",0.022099,[],0.022099,[],CLEAN,CLEAN,
app/src/main/assets/SceneDescriptions/mountains_alpine/canonical/mountains_003_positions.png,1448,1086,RGB,False,baaf16a70c379918c9ac5c79e4f8d07e87d9d6ec6d6d3296b82abc1e3436bc5e,,0,0,"[48.3, 163.47, 252.15, 255.0]",0.0,[],0.0,0,0,"[130.9, 124.65, 52.26, 255.0]",0.0,[],0.0,0,0,"[114.3, 143.12, 134.14, 255.0]",0.0,[],0.0,0,0,"[154.4, 158.13, 75.54, 255.0]",0.018416,[],0.018416,[],CLEAN,CLEAN,
app/src/main/assets/SceneDescriptions/mountains_alpine/canonical/mountains_004_busy_routines.png,1448,1086,RGB,False,2b9c9ddeb966e65da6db835ddd32126bda310be88de7a3205ac6d27ee9e52484,,0,0,"[90.73, 178.52, 246.3, 255.0]",0.0,[],0.0,0,0,"[132.25, 130.13, 82.02, 255.0]",0.0,[],0.0,0,0,"[116.13, 125.49, 99.6, 255.0]",0.0,[],0.0,0,0,"[134.67, 136.94, 78.39, 255.0]",0.0,[],0.0,[],CLEAN,CLEAN,
app/src/main/assets/SceneDescriptions/mountains_alpine/canonical/mountains_005_big_small_groups.png,1448,1086,RGB,False,0d1ae8d3efb935abe1114f4b8bd5dbc2ff56c31090aecd068c22e2e3f21634fb,,0,0,"[70.7, 160.79, 248.7, 255.0]",0.0,[],0.0,0,0,"[157.12, 145.38, 91.16, 255.0]",0.0,[],0.0,0,0,"[146.38, 158.67, 117.89, 255.0]",0.003683,[],0.003683,0,0,"[138.89, 134.76, 66.29, 255.0]",0.0,[],0.0,[],CLEAN,CLEAN,
app/src/main/assets/SceneDescriptions/mountains_alpine/canonical/mountains_006_homes_places.png,1448,1086,RGB,False,2ef1a2bf50af023093ce4ac9b9d62d15d2b8a8c442c248d72e124446ff9bf772,,0,0,"[76.87, 173.2, 241.5, 255.0]",0.0,[],0.0,0,0,"[148.48, 141.72, 52.53, 255.0]",0.0,[],0.0,0,0,"[133.99, 139.0, 79.78, 255.0]",0.0,[],0.0,0,0,"[139.15, 156.2, 91.58, 255.0]",0.033149,[],0.033149,[],CLEAN,CLEAN,
app/src/main/assets/SceneDescriptions/mountains_alpine/canonical/mountains_007_journey_story.png,1436,1086,RGB,False,dd758b07dcd56cbcaaf5b03bf94ec8a1628fa46010805e2325978dd78540fefe,,0,0,"[91.7, 174.23, 240.36, 255.0]",0.042479,[],0.042479,0,0,"[135.04, 130.74, 49.36, 255.0]",0.0,[],0.0,0,0,"[133.7, 135.94, 81.92, 255.0]",0.020258,[],0.020258,0,0,"[229.87, 232.36, 222.57, 255.0]",0.032228,[],0.032228,[],CLEAN,CLEAN,
app/src/main/assets/SceneDescriptions/mountains_alpine/canonical/mountains_008_weather_shelter.png,1435,1086,RGB,False,1c226f9d77c969ee476b660740ef3a95aed7750df4fa96ce11b636454993e025,,0,0,"[93.02, 141.91, 189.32, 255.0]",0.0,[],0.0,0,0,"[138.48, 128.29, 69.55, 255.0]",0.000697,[],0.000697,0,0,"[233.97, 237.0, 230.48, 255.0]",0.144567,[],0.144567,0,0,"[224.5, 228.37, 225.8, 255.0]",0.037753,[],0.037753,[],CLEAN,CLEAN,
app/src/main/assets/SceneDescriptions/mountains_alpine/canonical/mountains_009_spatial_clues.png,1433,1086,RGB,False,b49a47a7e916a4f19f22dffc89a7c271c24527ff0ff9f8fa78857e395a12c17c,,0,0,"[109.1, 183.2, 251.26, 255.0]",0.002094,[],0.002094,0,0,"[125.41, 123.41, 88.25, 255.0]",0.0,[],0.0,0,0,"[226.14, 226.62, 215.91, 255.0]",0.043278,[],0.043278,0,0,"[148.88, 158.19, 145.41, 255.0]",0.0,[],0.0,[],CLEAN,CLEAN,
app/src/main/assets/SceneDescriptions/ocean_underwater/canonical/ocean_001_reef_actions.png,1448,1086,RGB,False,ba0c2f330328787ff0b3f5119d3ca5daf660a1616f3add6c61393d2c682e1ff9,,0,0,"[81.57, 174.42, 249.77, 255.0]",0.0,[],0.0,0,0,"[186.92, 150.67, 114.74, 255.0]",0.0,[],0.0,0,0,"[100.69, 130.65, 173.1, 255.0]",0.009208,[],0.009208,0,0,"[73.56, 110.11, 142.59, 255.0]",0.0,[],0.0,[],CLEAN,CLEAN,
app/src/main/assets/SceneDescriptions/ocean_underwater/canonical/ocean_002_colours_sizes.png,1448,1086,RGB,False,a5c8d5559a9ae10bc3a94344654928442e4632ae429e4dada322bb4dbe0016d8,,0,0,"[114.63, 216.65, 249.74, 255.0]",0.102901,[],0.102901,0,0,"[166.88, 124.1, 89.76, 255.0]",0.0,[],0.0,0,0,"[106.55, 114.72, 118.58, 255.0]",0.0,[],0.0,0,0,"[121.55, 83.66, 115.78, 255.0]",0.0,[],0.0,[],CLEAN,CLEAN,
app/src/main/assets/SceneDescriptions/ocean_underwater/canonical/ocean_003_hiding_places.png,1448,1086,RGB,False,bd57c58d9c5deb36b5e6b84e9974bc46172f74f2a9e276948d5e4459c2877a6b,,0,0,"[93.75, 213.89, 251.92, 255.0]",0.0,[],0.0,0,0,"[200.81, 180.33, 149.73, 255.0]",0.0,[],0.0,0,0,"[72.64, 106.78, 128.15, 255.0]",0.0,[],0.0,0,0,"[140.75, 103.8, 111.78, 255.0]",0.0,[],0.0,[],CLEAN,CLEAN,
app/src/main/assets/SceneDescriptions/ocean_underwater/canonical/ocean_004_story_actions.png,1448,1086,RGB,False,461ad078cecc7ef65e47e86937058e427078835e31aab241e83ad5ff58fe81b5,,0,0,"[110.23, 203.63, 222.49, 255.0]",0.0,[],0.0,0,0,"[175.87, 158.05, 108.81, 255.0]",0.0,[],0.0,0,0,"[136.45, 109.94, 101.29, 255.0]",0.0,[],0.0,0,0,"[130.0, 110.23, 84.01, 255.0]",0.0,[],0.0,[],CLEAN,CLEAN,
app/src/main/assets/SceneDescriptions/ocean_underwater/canonical/ocean_005_big_small_numbers.png,1448,1086,RGB,False,0a9c9f5b0fc4b27ba80293eb6a52a685f169026742bf52273287c4ffe8d1a098,,0,0,"[127.75, 220.31, 252.07, 255.0]",0.14779,[],0.14779,0,0,"[194.31, 151.99, 128.79, 255.0]",0.0,[],0.0,0,0,"[99.1, 109.27, 169.84, 255.0]",0.0,[],0.0,0,0,"[56.53, 131.91, 179.02, 255.0]",0.0,[],0.0,[],CLEAN,CLEAN,
app/src/main/assets/SceneDescriptions/ocean_underwater/canonical/ocean_006_reef_routines.png,1448,1086,RGB,False,d0ef59d1d45711c531f6a75b3896ce3b6668eec438310a87d7be6d129bad808a,,0,0,"[82.15, 206.05, 251.48, 255.0]",0.0,[],0.0,0,0,"[194.2, 174.2, 128.36, 255.0]",0.0,[],0.0,0,0,"[128.71, 144.44, 134.24, 255.0]",0.0,[],0.0,0,0,"[103.83, 132.3, 151.95, 255.0]",0.0,[],0.0,[],CLEAN,CLEAN,
app/src/main/assets/SceneDescriptions/ocean_underwater/canonical/ocean_007_helping_story.png,1448,1086,RGB,False,8cbc1f408b47e069f6e70ec16e0d8eb9907fd79e321cfd05a2022ac12e9f736a,,0,0,"[143.11, 207.64, 209.47, 255.0]",0.048343,[],0.048343,0,0,"[191.57, 177.09, 138.28, 255.0]",0.0,[],0.0,0,0,"[101.58, 141.3, 160.63, 255.0]",0.0,[],0.0,0,0,"[114.22, 87.87, 97.13, 255.0]",0.0,[],0.0,[],CLEAN,CLEAN,
app/src/main/assets/SceneDescriptions/ocean_underwater/canonical/ocean_008_find_and_follow.png,1448,1086,RGB,False,9a560c96f4cd0d74d21ac15bf507f77cbe9ac8441cf7d293544b0aef33ce54d4,,0,0,"[80.56, 211.54, 249.49, 255.0]",0.0,[],0.0,0,0,"[220.17, 185.06, 135.19, 255.0]",0.0,[],0.0,0,0,"[94.46, 117.14, 124.86, 255.0]",0.0,[],0.0,0,0,"[117.5, 93.95, 125.56, 255.0]",0.0,[],0.0,[],CLEAN,CLEAN,
app/src/main/assets/SceneDescriptions/ocean_underwater/canonical/ocean_009_describing_sea_friends.png,1448,1086,RGB,False,ac675df7a355309f540aaaf9cc7870364ac15ede704aa683f0482a790b5add29,,0,0,"[116.59, 213.84, 247.46, 255.0]",0.129834,[],0.129834,0,0,"[208.83, 166.01, 130.63, 255.0]",0.0,[],0.0,0,0,"[126.36, 133.87, 111.62, 255.0]",0.0,[],0.0,0,0,"[64.3, 86.53, 158.02, 255.0]",0.0,[],0.0,[],CLEAN,CLEAN,
app/src/main/assets/SceneDescriptions/park_playground/canonical/park_001_actions.png,1448,1086,RGB,False,e455fa02fa30589707f397c0bfe4475840d7e9d9cecbb4458d0b59a9671d7dfd,,0,0,"[130.81, 189.67, 155.51, 255.0]",0.003453,[],0.003453,0,0,"[113.41, 133.17, 37.91, 255.0]",0.0,[],0.0,0,0,"[82.43, 120.76, 73.37, 255.0]",0.0,[],0.0,0,0,"[169.14, 157.13, 110.92, 255.0]",0.0,[],0.0,[],CLEAN,CLEAN,
app/src/main/assets/SceneDescriptions/park_playground/canonical/park_002_tasks.png,1448,1086,RGB,False,3960827fb0e62affe17ef488510b4c68a76b6aff3d2bff68cc278177e4666e3d,,0,0,"[118.45, 184.39, 165.23, 255.0]",0.0,[],0.0,0,0,"[155.63, 138.31, 95.66, 255.0]",0.0,[],0.0,0,0,"[119.44, 148.97, 64.42, 255.0]",0.0,[],0.0,0,0,"[139.24, 153.7, 77.55, 255.0]",0.0,[],0.0,[],CLEAN,CLEAN,
app/src/main/assets/SceneDescriptions/park_playground/canonical/park_003_positions.png,1448,1086,RGB,False,4a56fa883c3e784c1a8c8159558b1cec7bba72c5b15bb1a2ec600f88fb1e3bc3,,0,0,"[57.74, 138.89, 137.57, 255.0]",0.0,[],0.0,0,0,"[104.87, 117.92, 26.02, 255.0]",0.0,[],0.0,0,0,"[85.43, 108.57, 26.87, 255.0]",0.0,[],0.0,0,0,"[159.05, 118.27, 61.47, 255.0]",0.0,[],0.0,[],CLEAN,CLEAN,
app/src/main/assets/SceneDescriptions/park_playground/canonical/park_004_social_play.png,1448,1086,RGB,False,fcdbb8b7c903480eac8baf4258437ef41e86168fd350760e6a0aec7672165bf6,,0,0,"[113.45, 174.25, 136.17, 255.0]",0.0,[],0.0,0,0,"[88.25, 124.51, 30.82, 255.0]",0.0,[],0.0,0,0,"[138.65, 148.36, 67.14, 255.0]",0.001842,[],0.001842,0,0,"[162.02, 150.54, 63.35, 255.0]",0.000921,[],0.000921,[],CLEAN,CLEAN,
app/src/main/assets/SceneDescriptions/park_playground/canonical/park_005_big_small_counting.png,1448,1086,RGB,False,607f8e0d03796126660328be08939eb59f5a853547818721b172c3608fc72025,,0,0,"[112.96, 171.98, 138.71, 255.0]",0.0,[],0.0,0,0,"[104.74, 147.5, 30.05, 255.0]",0.0,[],0.0,0,0,"[137.67, 133.05, 66.2, 255.0]",0.003683,[],0.003683,0,0,"[153.83, 181.15, 70.12, 255.0]",0.002762,[],0.002762,[],CLEAN,CLEAN,
app/src/main/assets/SceneDescriptions/park_playground/canonical/park_006_routines_positions.png,1448,1086,RGB,False,fa2db4b72f4729b9323344c22505e95cab0465d72d8b7bb7dd78331748d3e2bc,,0,0,"[113.31, 177.81, 168.07, 255.0]",0.0,[],0.0,0,0,"[82.84, 127.9, 33.55, 255.0]",0.0,[],0.0,0,0,"[117.6, 128.1, 46.94, 255.0]",0.0,[],0.0,0,0,"[184.63, 133.9, 69.82, 255.0]",0.0,[],0.0,[],CLEAN,CLEAN,
app/src/main/assets/SceneDescriptions/park_playground/canonical/park_007_playground_actions.png,1436,1079,RGB,False,16047ebf344ad64e603311195966dde02e94482d7bb8edf2754bef0c8a11c493,,0,0,"[124.54, 167.51, 152.69, 255.0]",0.0,[],0.0,0,0,"[243.68, 238.55, 225.31, 255.0]",0.057799,[],0.057799,0,0,"[151.8, 124.25, 79.15, 255.0]",0.0,[],0.0,0,0,"[235.14, 234.83, 215.48, 255.0]",0.019462,[],0.019462,[],CLEAN,CLEAN,
app/src/main/assets/SceneDescriptions/park_playground/canonical/park_008_helping_clean_up.png,1435,1079,RGB,False,bc6994bbd47ca9ca5afdb0d3a347e128e518371835e160711865f036537d5c10,,0,0,"[135.06, 161.52, 103.03, 255.0]",0.0,[],0.0,0,0,"[238.94, 242.35, 227.9, 255.0]",0.113589,[],0.113589,0,0,"[231.63, 233.9, 226.06, 255.0]",0.012048,[],0.012048,0,0,"[224.29, 229.38, 221.42, 255.0]",0.012975,[],0.012975,[],CLEAN,CLEAN,
app/src/main/assets/SceneDescriptions/park_playground/canonical/park_009_turn_taking.png,1433,1078,RGB,False,451d66e0c580e3080d27edda85db24b25ccba887b7b53e56f9ca350b506914e5,,0,0,"[107.37, 157.8, 147.68, 255.0]",0.0,[],0.0,0,0,"[209.04, 206.33, 201.93, 255.0]",0.066294,[],0.066294,0,0,"[231.66, 233.88, 215.55, 255.0]",0.0,[],0.0,0,0,"[171.02, 127.44, 82.29, 255.0]",0.0,[],0.0,[],CLEAN,CLEAN,
app/src/main/assets/SceneDescriptions/sky_flying/canonical/sky_001_actions.png,1448,1086,RGB,False,8ff8ae47f44025eadc35ca16bf5aa79690e206d62b1653d7db2dcdad6023a2e5,,0,0,"[63.37, 165.38, 250.12, 255.0]",0.0,[],0.0,0,0,"[87.01, 121.94, 56.09, 255.0]",0.000691,[],0.000691,0,0,"[125.32, 183.93, 209.33, 255.0]",0.067219,[],0.067219,0,0,"[129.96, 189.69, 223.84, 255.0]",0.07919,[],0.07919,[],CLEAN,CLEAN,
app/src/main/assets/SceneDescriptions/sky_flying/canonical/sky_002_features.png,1448,1086,RGB,False,5f3959eb9da4fcb8b30b35d3cca45a0040eba91e79169968ac4e467cedb7b7d0,,0,0,"[49.97, 152.08, 243.3, 255.0]",0.0,[],0.0,0,0,"[88.17, 139.19, 64.23, 255.0]",0.0,[],0.0,0,0,"[101.17, 180.51, 229.48, 255.0]",0.0,[],0.0,0,0,"[124.47, 197.46, 231.24, 255.0]",0.000921,[],0.000921,[],CLEAN,CLEAN,
app/src/main/assets/SceneDescriptions/sky_flying/canonical/sky_003_positions.png,1448,1086,RGB,False,d81300e00edc8b41d14e0e2fc909c91e04ea9a21e946426756eae1d95d68c76f,,0,0,"[18.67, 151.37, 251.2, 255.0]",0.0,[],0.0,0,0,"[64.41, 96.27, 11.16, 255.0]",0.001381,[],0.001381,0,0,"[64.7, 144.14, 172.17, 255.0]",0.0,[],0.0,0,0,"[94.4, 168.3, 208.49, 255.0]",0.0,[],0.0,[],CLEAN,CLEAN,
app/src/main/assets/SceneDescriptions/sky_flying/canonical/sky_004_weather_story.png,1448,1086,RGB,False,6aec11af64e5d2b5d6993b16c22a953f4628e9636a1916436afe68076776dbaf,,0,0,"[86.1, 168.22, 233.75, 255.0]",0.0,[],0.0,0,0,"[80.06, 129.13, 83.81, 255.0]",0.0,[],0.0,0,0,"[172.48, 213.93, 217.15, 255.0]",0.143646,[],0.143646,0,0,"[119.54, 153.0, 176.21, 255.0]",0.0,[],0.0,[],CLEAN,CLEAN,
app/src/main/assets/SceneDescriptions/sky_flying/canonical/sky_005_big_small_counting.png,1448,1086,RGB,False,e215f4bf02a447be0e8721612cd932bc90cc1c4d5caa9b4d3add1493280673fd,,0,0,"[47.04, 156.98, 250.82, 255.0]",0.0,[],0.0,0,0,"[118.42, 162.13, 65.18, 255.0]",0.0,[],0.0,0,0,"[87.11, 174.88, 227.09, 255.0]",0.0,[],0.0,0,0,"[94.38, 183.15, 232.91, 255.0]",0.0,[],0.0,[],CLEAN,CLEAN,
app/src/main/assets/SceneDescriptions/sky_flying/canonical/sky_006_travel_directions.png,1448,1086,RGB,False,2051299bea2782b7b3f253dac085b797ce24235eebda221d280c8dee40456d0a,,0,0,"[49.66, 155.7, 251.92, 255.0]",0.0,[],0.0,0,0,"[50.99, 110.66, 99.25, 255.0]",0.001381,[],0.001381,0,0,"[112.66, 175.69, 207.14, 255.0]",0.0,[],0.0,0,0,"[122.23, 175.95, 205.35, 255.0]",0.046041,[],0.046041,[],CLEAN,CLEAN,
app/src/main/assets/SceneDescriptions/sky_flying/canonical/sky_007_weather_sequence.png,1436,1038,RGB,False,663c635d0437442d5fbbcd04f410e68c5888f6d0bcdd3099d9ca773c8b0a1166,,0,0,"[227.62, 240.57, 249.43, 255.0]",0.12883,[],0.12883,0,0,"[212.83, 220.87, 200.15, 255.0]",0.010446,[],0.010446,0,0,"[113.13, 180.51, 211.02, 255.0]",0.0,[],0.0,0,0,"[230.64, 240.17, 243.04, 255.0]",0.265896,[],0.265896,[],CLEAN,CLEAN,
app/src/main/assets/SceneDescriptions/sky_flying/canonical/sky_008_flying_directions.png,1434,1038,RGB,False,137a8954bfc500a3fb4a457433b35c936df0664e8ed80907b0c168bd1f0fa183,,0,0,"[229.49, 238.34, 245.79, 255.0]",0.070432,[],0.070432,0,0,"[218.94, 225.79, 217.33, 255.0]",0.003487,[],0.003487,0,0,"[205.58, 225.74, 239.84, 255.0]",0.022158,[],0.022158,0,0,"[230.87, 242.88, 247.95, 255.0]",0.183044,[],0.183044,[],CLEAN,CLEAN,
app/src/main/assets/SceneDescriptions/sky_flying/canonical/sky_009_night_sky_clues.png,1433,1038,RGB,False,8baf3b3a0ebec2fc62be66ce364f917308d6158bf5281c0900f3634255ef251a,,0,0,"[206.64, 212.48, 222.91, 255.0]",0.0,[],0.0,0,0,"[226.8, 226.64, 230.98, 255.0]",0.011863,[],0.011863,0,0,"[206.07, 208.7, 219.85, 255.0]",0.000963,[],0.000963,0,0,"[74.44, 91.98, 142.47, 255.0]",0.0,[],0.0,[],CLEAN,CLEAN,
app/src/main/assets/SceneDescriptions/woodland_forest/canonical/woodland_001_features.png,1448,1086,RGB,False,8c539d00f3a0ed68377521e097bceec4ae90b23c5258208833695c02de508242,,0,0,"[121.43, 132.22, 72.74, 255.0]",0.0,[],0.0,0,0,"[93.84, 103.72, 34.37, 255.0]",0.0,[],0.0,0,0,"[94.74, 103.7, 46.64, 255.0]",0.0,[],0.0,0,0,"[90.23, 79.73, 27.52, 255.0]",0.0,[],0.0,[],CLEAN,CLEAN,
app/src/main/assets/SceneDescriptions/woodland_forest/canonical/woodland_002_actions.png,1448,1086,RGB,False,b1f05b4b90ec5799023b0c5c772449ba6498229b32158acc2f2f3537869d3925,,0,0,"[96.74, 141.43, 98.42, 255.0]",0.0,[],0.0,0,0,"[76.43, 88.77, 16.69, 255.0]",0.0,[],0.0,0,0,"[70.01, 86.61, 21.64, 255.0]",0.0,[],0.0,0,0,"[107.63, 128.9, 58.25, 255.0]",0.0,[],0.0,[],CLEAN,CLEAN,
app/src/main/assets/SceneDescriptions/woodland_forest/canonical/woodland_003_positions.png,1448,1086,RGB,False,3618f1cd6a6497d3ce9970e992368839555b12c960dfa7d07bb2a3192f2a0ba2,,0,0,"[89.44, 105.23, 26.74, 255.0]",0.0,[],0.0,0,0,"[73.13, 92.14, 16.78, 255.0]",0.0,[],0.0,0,0,"[65.0, 85.45, 22.5, 255.0]",0.0,[],0.0,0,0,"[79.13, 106.51, 23.5, 255.0]",0.001842,[],0.001842,[],CLEAN,CLEAN,
app/src/main/assets/SceneDescriptions/woodland_forest/canonical/woodland_004_autumn_prep.png,1448,1086,RGB,False,1abc11064c1fa0e2f34890b4d1d523a6d477a5bbd301b5412e97bb1920291828,,0,0,"[102.73, 130.25, 69.69, 255.0]",0.0,[],0.0,0,0,"[97.59, 107.78, 25.68, 255.0]",0.0,[],0.0,0,0,"[91.88, 105.33, 41.05, 255.0]",0.0,[],0.0,0,0,"[106.94, 98.29, 35.68, 255.0]",0.0,[],0.0,[],CLEAN,CLEAN,
app/src/main/assets/SceneDescriptions/woodland_forest/canonical/woodland_005_animal_homes.png,1448,1086,RGB,False,150ed1ca746e3144ae254beca5054db05b11050b384c3b1a2a082163316c6dc2,,0,0,"[103.84, 144.83, 67.12, 255.0]",0.0,[],0.0,0,0,"[81.49, 114.31, 29.26, 255.0]",0.0,[],0.0,0,0,"[101.57, 118.69, 43.3, 255.0]",0.004604,[],0.004604,0,0,"[96.56, 96.17, 32.09, 255.0]",0.001842,[],0.001842,[],CLEAN,CLEAN,
app/src/main/assets/SceneDescriptions/woodland_forest/canonical/woodland_006_compare_groups.png,1448,1086,RGB,False,4b7467121dde2f6183e567dda20c19aae8df1b79206fad7025d513884b7ffc9e,,0,0,"[134.69, 144.96, 100.18, 255.0]",0.0,[],0.0,0,0,"[116.66, 89.81, 31.65, 255.0]",0.0,[],0.0,0,0,"[89.51, 97.64, 36.31, 255.0]",0.0,[],0.0,0,0,"[123.14, 118.23, 49.93, 255.0]",0.0,[],0.0,[],CLEAN,CLEAN,
app/src/main/assets/SceneDescriptions/woodland_forest/canonical/woodland_007_before_rain.png,1448,1086,RGB,False,7cfbb60af0cdb37506e4fb9f374dd36b73746145db915415971be99711a262a4,,0,0,"[107.45, 132.93, 112.81, 255.0]",0.0,[],0.0,0,0,"[103.98, 100.26, 32.85, 255.0]",0.0,[],0.0,0,0,"[93.28, 84.69, 40.42, 255.0]",0.0,[],0.0,0,0,"[86.3, 84.03, 33.32, 255.0]",0.0,[],0.0,[],CLEAN,CLEAN,
app/src/main/assets/SceneDescriptions/woodland_forest/canonical/woodland_008_homes_choices.png,1448,1086,RGB,False,87d91f6b62868dbe9c24c7823641bd836b62f3a060d5bd8da985f2a15000bfbf,,0,0,"[130.12, 149.9, 84.77, 255.0]",0.0,[],0.0,0,0,"[126.08, 132.58, 44.3, 255.0]",0.0,[],0.0,0,0,"[113.11, 124.31, 52.76, 255.0]",0.006446,[],0.006446,0,0,"[92.01, 93.83, 39.38, 255.0]",0.0,[],0.0,[],CLEAN,CLEAN,
app/src/main/assets/SceneDescriptions/woodland_forest/canonical/woodland_009_find_animals.png,1448,1086,RGB,False,52b93b0724a3a4f961e7e17b7e0b468133bef7ae2c30e8dea8cc809a10ca5eee,,0,0,"[111.56, 140.82, 70.9, 255.0]",0.0,[],0.0,0,0,"[66.93, 99.0, 37.46, 255.0]",0.0,[],0.0,0,0,"[75.25, 102.01, 38.75, 255.0]",0.0,[],0.0,0,0,"[83.19, 92.17, 37.04, 255.0]",0.0,[],0.0,[],CLEAN,CLEAN,
app/src/main/assets/SceneDescriptions/zoo_wildlife/canonical/zoo_001_features.png,1448,1086,RGB,False,d7e99f9a95aa1e45b4ae3e4a4ab96037dfe2d593d0a9c68071c182e37790281e,,0,0,"[97.78, 175.68, 171.33, 255.0]",0.0,[],0.0,0,0,"[142.55, 157.6, 97.05, 255.0]",0.0,[],0.0,0,0,"[125.12, 156.6, 77.28, 255.0]",0.0,[],0.0,0,0,"[124.87, 171.4, 150.99, 255.0]",0.0,[],0.0,[],CLEAN,CLEAN,
app/src/main/assets/SceneDescriptions/zoo_wildlife/canonical/zoo_002_actions.png,1448,1086,RGB,False,2d42f649eca7c5171026b32316720d10bb3a6e4559703f4cfab6342ca8551793,,0,0,"[111.41, 168.47, 143.06, 255.0]",0.015884,[],0.015884,0,0,"[138.12, 137.11, 53.78, 255.0]",0.0,[],0.0,0,0,"[147.21, 160.14, 101.03, 255.0]",0.0,[],0.0,0,0,"[142.58, 148.33, 129.09, 255.0]",0.004604,[],0.004604,[],CLEAN,CLEAN,
app/src/main/assets/SceneDescriptions/zoo_wildlife/canonical/zoo_003_positions.png,1448,1086,RGB,False,6949454c3ac53681b2df2263caabbc35b353379557e35939b4a8f059d765b614,,0,0,"[83.92, 155.87, 129.77, 255.0]",0.0,[],0.0,0,0,"[115.69, 105.73, 67.24, 255.0]",0.0,[],0.0,0,0,"[98.97, 118.47, 68.98, 255.0]",0.0,[],0.0,0,0,"[164.78, 160.21, 92.15, 255.0]",0.01105,[],0.01105,[],CLEAN,CLEAN,
app/src/main/assets/SceneDescriptions/zoo_wildlife/canonical/zoo_004_habitats.png,1431,1086,RGB,False,8d140a2f260da199e555a2a502b569c8386b7bdc563d80697b75669c8985245b,,0,0,"[134.99, 138.79, 102.4, 255.0]",0.0,[],0.0,0,0,"[78.03, 160.75, 190.57, 255.0]",0.0,[],0.0,0,0,"[110.06, 124.9, 113.22, 255.0]",0.0,[],0.0,0,0,"[233.57, 239.29, 235.72, 255.0]",0.072744,[],0.072744,[],CLEAN,CLEAN,
app/src/main/assets/SceneDescriptions/zoo_wildlife/canonical/zoo_005_feeding_time.png,1436,1086,RGB,False,e8b363685ffc2d08f5bfa9203783e1170e11aac108cd3bb4c400a873765f6162,,0,0,"[113.99, 160.77, 172.28, 255.0]",0.0,[],0.0,0,0,"[234.49, 177.68, 110.71, 255.0]",0.0,[],0.0,0,0,"[235.17, 231.42, 215.84, 255.0]",0.08011,[],0.08011,0,0,"[239.83, 235.3, 219.86, 255.0]",0.042357,[],0.042357,[],CLEAN,CLEAN,
app/src/main/assets/SceneDescriptions/zoo_wildlife/canonical/zoo_006_positions_story.png,1430,1086,RGB,False,6e55d4acc0a2849f908547df0ea6a1b495fdc9fa2cee42d9b98fb89785f4277b,,0,0,"[119.09, 147.77, 124.16, 255.0]",0.0,[],0.0,0,0,"[138.08, 152.02, 114.54, 255.0]",0.0,[],0.0,0,0,"[220.09, 223.06, 208.05, 255.0]",0.002762,[],0.002762,0,0,"[172.11, 137.61, 93.12, 255.0]",0.0,[],0.0,[],CLEAN,CLEAN,
app/src/main/assets/SceneDescriptions/zoo_wildlife/canonical/zoo_007_habitats.png,1448,1086,RGB,False,725facd6ab5d7a10847bef5d60f65f0d3c16498cbb58144d7505170416aeb678,,0,0,"[101.98, 146.95, 88.58, 255.0]",0.0,[],0.0,0,0,"[133.24, 173.47, 153.47, 255.0]",0.0,[],0.0,0,0,"[136.59, 146.59, 90.86, 255.0]",0.0,[],0.0,0,0,"[118.62, 100.63, 53.94, 255.0]",0.0,[],0.0,[],CLEAN,CLEAN,
app/src/main/assets/SceneDescriptions/zoo_wildlife/canonical/zoo_008_feature_clues.png,1448,1086,RGB,False,77fd2c6f30949136a8f808266a3ce52a41a61058ffec44152a2748a0d6165738,,0,0,"[99.08, 160.76, 150.28, 255.0]",0.0,[],0.0,0,0,"[88.78, 126.41, 46.51, 255.0]",0.0,[],0.0,0,0,"[116.25, 147.82, 93.19, 255.0]",0.0,[],0.0,0,0,"[111.93, 110.64, 71.73, 255.0]",0.0,[],0.0,[],CLEAN,CLEAN,
app/src/main/assets/SceneDescriptions/zoo_wildlife/canonical/zoo_009_water_and_shade.png,1448,1086,RGB,False,2509207959729292f9487e4b2a8d06820ff384274f30ea797e871bee6ecfc334,,0,0,"[91.05, 142.91, 110.6, 255.0]",0.0,[],0.0,0,0,"[129.71, 159.58, 146.01, 255.0]",0.0,[],0.0,0,0,"[139.72, 145.88, 109.74, 255.0]",0.007366,[],0.007366,0,0,"[125.07, 123.43, 88.32, 255.0]",0.0,[],0.0,[],CLEAN,CLEAN,
app/src/main/assets/Seasons/autumn_tree_by_the_lakeside.png,1448,1086,RGB,False,ff8140f8a9da3fdd3a25c66dce4b01a12f3a8248e17308cff0664c2348f5366f,,0,0,"[133.93, 170.94, 204.8, 255.0]",0.0,[],0.0,0,0,"[150.89, 75.04, 11.81, 255.0]",0.0,[],0.0,0,0,"[175.48, 144.3, 121.85, 255.0]",0.0,[],0.0,0,0,"[162.87, 145.15, 130.97, 255.0]",0.0,[],0.0,[],CLEAN,CLEAN,
app/src/main/assets/Seasons/blossoming_lakeside_spring_meadow.png,1448,1086,RGB,False,81a09329d1269fa1d16cb3ceea7a31fe922546d868abc02f8c1e6e487845e27e,,0,0,"[115.69, 191.43, 239.11, 255.0]",0.0,[],0.0,0,0,"[81.52, 120.81, 24.5, 255.0]",0.0,[],0.0,0,0,"[133.16, 179.0, 151.39, 255.0]",0.005525,[],0.005525,0,0,"[130.75, 178.92, 153.28, 255.0]",0.0,[],0.0,[],CLEAN,CLEAN,
app/src/main/assets/Seasons/snowy_lakeside_meadow_with_bare_tree.png,1448,1086,RGB,False,a3581f4a201a639ec8dfcd2160d87b4214a18d37ccdc6efe8a13627065a2227e,,0,0,"[91.41, 176.48, 246.53, 255.0]",0.004144,[],0.004144,0,0,"[169.83, 194.81, 234.66, 255.0]",0.007597,[],0.007597,0,0,"[159.58, 199.62, 240.68, 255.0]",0.024862,[],0.024862,0,0,"[151.48, 199.0, 243.39, 255.0]",0.035912,[],0.035912,[],CLEAN,CLEAN,
app/src/main/assets/Seasons/sunny_summer_lakeside_meadow.png,1448,1086,RGB,False,e28a703f480d5ddb2e878195e8d42ccdfe38f5762ceeec094c378e9b3987a67e,,0,0,"[102.16, 179.37, 172.54, 255.0]",0.0,[],0.0,0,0,"[61.85, 118.62, 19.63, 255.0]",0.0,[],0.0,0,0,"[115.73, 175.95, 144.76, 255.0]",0.018416,[],0.018416,0,0,"[95.96, 164.08, 127.85, 255.0]",0.004604,[],0.004604,[],CLEAN,CLEAN,
app/src/main/assets/Wilma/day_segment_friday_purple.png,1254,1254,RGBA,True,7b9d4a6116381673f58c94f06924a936f26cc71fdcccf88cf30923ae984fe5b9,,0,0,"[0.0, 0.0, 0.0, 0.0]",0.0,[],0.0,0,0,"[0.0, 0.0, 0.0, 0.0]",0.0,[],0.0,0,0,"[0.0, 0.0, 0.0, 0.0]",0.0,[],0.0,0,0,"[0.0, 0.0, 0.0, 0.0]",0.0,[],0.0,[],CLEAN,CLEAN,
app/src/main/assets/Wilma/day_segment_monday_green.png,1254,1254,RGBA,True,ce76b75d4e42a97fd490b6523350b21f4aa76f2990fdb0ac8b0d8909488ff0d5,,0,0,"[0.0, 0.0, 0.0, 0.0]",0.0,[],0.0,0,0,"[0.0, 0.0, 0.0, 0.0]",0.0,[],0.0,0,0,"[0.0, 0.0, 0.0, 0.0]",0.0,[],0.0,0,0,"[0.0, 0.0, 0.0, 0.0]",0.0,[],0.0,[],CLEAN,CLEAN,
app/src/main/assets/Wilma/day_segment_saturday_orange.png,1254,1254,RGBA,True,c80921aacf1fc81c71e4505180f5a914751bb8e9c9f062c6be8daacc5da3422d,,0,0,"[0.0, 0.0, 0.0, 0.0]",0.0,[],0.0,0,0,"[0.0, 0.0, 0.0, 0.0]",0.0,[],0.0,0,0,"[0.0, 0.0, 0.0, 0.0]",0.0,[],0.0,0,0,"[0.0, 0.0, 0.0, 0.0]",0.0,[],0.0,[],CLEAN,CLEAN,
app/src/main/assets/Wilma/day_segment_sunday_pink.png,1254,1254,RGBA,True,6988cab8989107468f5bcc9c055a3ac4fa6a3a11ab77f4ba71d1d8d8070efb69,,0,0,"[0.0, 0.0, 0.0, 0.0]",0.0,[],0.0,0,0,"[0.0, 0.0, 0.0, 0.0]",0.0,[],0.0,0,0,"[0.0, 0.0, 0.0, 0.0]",0.0,[],0.0,0,0,"[0.0, 0.0, 0.0, 0.0]",0.0,[],0.0,[],CLEAN,CLEAN,
app/src/main/assets/Wilma/day_segment_thursday_blue.png,1254,1254,RGBA,True,308ec324606027204430ffaaf707ba468f4689a3c04d3e13c43c2913fd6ddd8b,,0,0,"[0.0, 0.0, 0.0, 0.0]",0.0,[],0.0,0,0,"[0.0, 0.0, 0.0, 0.0]",0.0,[],0.0,0,0,"[0.0, 0.0, 0.0, 0.0]",0.0,[],0.0,0,0,"[0.0, 0.0, 0.0, 0.0]",0.0,[],0.0,[],CLEAN,CLEAN,
app/src/main/assets/Wilma/day_segment_tuesday_red.png,1254,1254,RGBA,True,a099bdb4acf9dfa59cdce7d8b2bb0494354a74cf0708a46fccee41b1b81671dc,,0,0,"[0.0, 0.0, 0.0, 0.02]",0.0,[],0.0,0,0,"[0.0, 0.0, 0.0, 0.0]",0.0,[],0.0,0,0,"[0.0, 0.0, 0.0, 0.04]",0.0,[],0.0,0,0,"[0.0, 0.0, 0.0, 0.0]",0.0,[],0.0,[],CLEAN,CLEAN,
app/src/main/assets/Wilma/day_segment_wednesday_yellow.png,1254,1254,RGBA,True,9b154154e6b1ba9176297aeda2895c99a9d4be36f533b4ee3ff16ee62815ed0c,,0,0,"[0.0, 0.0, 0.0, 0.0]",0.0,[],0.0,0,0,"[0.0, 0.0, 0.0, 0.0]",0.0,[],0.0,0,0,"[0.0, 0.0, 0.0, 0.0]",0.0,[],0.0,0,0,"[0.0, 0.0, 0.0, 0.0]",0.0,[],0.0,[],CLEAN,CLEAN,
app/src/main/assets/Wilma/wilma_full_reference.png,1672,941,RGBA,True,b08611719978bc915faadf843463d00abf568a92b065996c9264431aea6b2056,,0,0,"[0.0, 0.0, 0.0, 0.0]",0.0,[],0.0,0,0,"[0.0, 0.0, 0.0, 0.02]",0.0,[],0.0,0,0,"[0.0, 0.0, 0.0, 0.0]",0.0,[],0.0,0,0,"[0.0, 0.0, 0.0, 0.0]",0.0,[],0.0,[],CLEAN,CLEAN,
app/src/main/assets/Wilma/wilma_head.png,1254,1254,RGBA,True,eaaf8d55eb4203e7f262e76e747debefd5530cf6542930d0454fbcec1feeb083,,0,0,"[0.0, 0.0, 0.0, 0.0]",0.0,[],0.0,0,0,"[0.0, 0.0, 0.0, 0.0]",0.0,[],0.0,0,0,"[0.0, 0.0, 0.0, 0.0]",0.0,[],0.0,0,0,"[0.0, 0.0, 0.0, 0.0]",0.0,[],0.0,[],CLEAN,CLEAN,
app/src/main/assets/Wilma/wilma_tail.png,1254,1254,RGBA,True,584bd3713e98cb371b33bfd8916a39dcf662e963da9bf35f4da172661f763249,,0,0,"[0.0, 0.0, 0.0, 0.0]",0.0,[],0.0,0,0,"[0.0, 0.0, 0.0, 0.0]",0.0,[],0.0,0,0,"[0.0, 0.0, 0.0, 0.0]",0.0,[],0.0,0,0,"[0.0, 0.0, 0.0, 0.0]",0.0,[],0.0,[],CLEAN,CLEAN,
