scene_id,animal,relation,reference,asset_path,width,height,mode,sha256
scene.prepositions.snake.on,snake,on,rock,Prepositions/scenes/scene_prepositions_snake_on.png,1448,1086,RGB,6b0f7e46ec05336b8730c6b7e61324d69c59a7de69f16461e0149eecf39108d7
scene.prepositions.dinosaur.on,dinosaur,on,rock,Prepositions/scenes/scene_prepositions_dinosaur_on.png,1448,1086,RGB,d9889338b6b7c303f7ae236b66412f57c0dfe71f67c2de7b4eff59650cb0dd8d
scene.prepositions.dragon.on,dragon,on,rock,Prepositions/scenes/scene_prepositions_dragon_on.png,1448,1086,RGB,afa8c25d497d7269cc675552e49c1fbbdea47b8ed5cb7421c62e2b0c8e7cad99
scene.prepositions.crocodile.on,crocodile,on,rock,Prepositions/scenes/scene_prepositions_crocodile_on.png,1448,1086,RGB,936e67cb38084d27be361848e3d62880175f94d63792417b68295f9833f3f944
scene.prepositions.snake.under,snake,under,table,Prepositions/scenes/scene_prepositions_snake_under.png,1448,1086,RGB,2fec11a3ee266be9a5e3fbabbc4aa0b36987c44f849f43c0947f4ac0671da48b
scene.prepositions.dinosaur.under,dinosaur,under,table,Prepositions/scenes/scene_prepositions_dinosaur_under.png,1448,1086,RGB,f5a31c469dc65c32d2515842d6b26ed9db9433ef780a805de8b12a9c64b78937
scene.prepositions.dragon.under,dragon,under,table,Prepositions/scenes/scene_prepositions_dragon_under.png,1448,1086,RGB,a2ed002d5717c94ed90217ea85f65fbd54b5577ef69aa7fcc7137e289f7373ef
scene.prepositions.crocodile.under,crocodile,under,table,Prepositions/scenes/scene_prepositions_crocodile_under.png,1448,1086,RGB,f27d29b6e3b0e98375e66d68e369a1e9fe9605f03ec985f759e391e5856def8c
scene.prepositions.snake.behind,snake,behind,rock,Prepositions/scenes/scene_prepositions_snake_behind.png,1448,1086,RGB,7b646112695ada8fdb4302dafd9fa2a9040b81935f5e5a202e5234094ae43f58
scene.prepositions.dinosaur.behind,dinosaur,behind,rock,Prepositions/scenes/scene_prepositions_dinosaur_behind.png,1448,1086,RGB,606ad6da85a7e21f67ffff9bb9323a699b16c4e3d52b9fc266759d18b9ea2681
scene.prepositions.dragon.behind,dragon,behind,rock,Prepositions/scenes/scene_prepositions_dragon_behind.png,1448,1086,RGB,58f24962e8fb5590f6faf39eb9e5404b3ca4302b578acee96d412ad32660a46d
scene.prepositions.crocodile.behind,crocodile,behind,rock,Prepositions/scenes/scene_prepositions_crocodile_behind.png,1448,1086,RGB,cf533eeed617a4e095edfc7c9f2ba6c7b03f2050059aa9454f85e2a7a370b3ec
scene.prepositions.snake.next_to,snake,next_to,rock,Prepositions/scenes/scene_prepositions_snake_next_to.png,1448,1086,RGB,72addcf37b5538e910ebae51e188afc2babab6a94548ade971dead1a9a910346
scene.prepositions.dinosaur.next_to,dinosaur,next_to,rock,Prepositions/scenes/scene_prepositions_dinosaur_next_to.png,1448,1086,RGB,f37621e923ed5a6a1e5b62953e8a03a4ce7be65e0b68be213ee424b077af1503
scene.prepositions.dragon.next_to,dragon,next_to,rock,Prepositions/scenes/scene_prepositions_dragon_next_to.png,1448,1086,RGB,035c00678f82c4722f44ca174d096dd5cede5519d3ecabad89b4642e76ba0306
scene.prepositions.crocodile.next_to,crocodile,next_to,rock,Prepositions/scenes/scene_prepositions_crocodile_next_to.png,1448,1086,RGB,6344e29654cc468ded95f0f828a839cc1c3873c7e61359271ff7a4a5bd5eb34c
scene.prepositions.snake.in,snake,in,box,Prepositions/scenes/scene_prepositions_snake_in.png,1448,1086,RGB,e62b6d33a28afbba60a2ba72ee6845562a5a60ef523b557225f104d199d3bd70
scene.prepositions.dinosaur.in,dinosaur,in,box,Prepositions/scenes/scene_prepositions_dinosaur_in.png,1448,1086,RGB,113d1594296fcf8c123dc1ee66936543d719c7087d5b8ffbe05b2b9482bb14f8
scene.prepositions.dragon.in,dragon,in,box,Prepositions/scenes/scene_prepositions_dragon_in.png,1448,1086,RGB,b6427f52091db09fe21a7b3d291588f2524f9d75d6e12766be7102b2935a7b5f
scene.prepositions.crocodile.in,crocodile,in,box,Prepositions/scenes/scene_prepositions_crocodile_in.png,1448,1086,RGB,c46922bc7533b16e1d1fb76a4a4a8e4352e0eaf0dd534441949e460d52f7bf9b
scene.prepositions.snake.between,snake,between,two rocks,Prepositions/scenes/scene_prepositions_snake_between.png,1448,1086,RGB,ecdb3e1345cad2d827cd10e8dc6d94fb8f5ade1c32d85981058b952b6236a5f1
scene.prepositions.dinosaur.between,dinosaur,between,two rocks,Prepositions/scenes/scene_prepositions_dinosaur_between.png,1448,1086,RGB,48fda61a3abc41ffe9425d0e4c17d7b7b8f594f2eac4b609f7152f45e9396721
scene.prepositions.dragon.between,dragon,between,two rocks,Prepositions/scenes/scene_prepositions_dragon_between.png,1448,1086,RGB,158e2ba4a1495cc961c197a5570e575f263e6b32975cce89032d9f9cc6e1a415
scene.prepositions.crocodile.between,crocodile,between,two rocks,Prepositions/scenes/scene_prepositions_crocodile_between.png,1448,1086,RGB,9cedc85ad11bf9a22ef903627120bc6597248c010c5239a9c4983351167f114d
scene.prepositions.bird.above,bird,above,cloud,Prepositions/scenes/scene_prepositions_bird_above.png,1448,1086,RGB,b81f81b818eb7b11d43d069afc6176e7247f4b1cce9493d2cf20c351d68af377
scene.prepositions.bee.above,bee,above,cloud,Prepositions/scenes/scene_prepositions_bee_above.png,1448,1086,RGB,87d0e12b8437bc43e58437a7b59725110ca7079fcb415d60eb987f99c461f92c
scene.prepositions.butterfly.above,butterfly,above,cloud,Prepositions/scenes/scene_prepositions_butterfly_above.png,1448,1086,RGB,88f1a28034d105ffc3932486347462e15b3acc6c6c9f6b1a1e69852a78e5b5e0
scene.prepositions.dragon.above,dragon,above,cloud,Prepositions/scenes/scene_prepositions_dragon_above.png,1448,1086,RGB,e7591195949a6a35b753a4d1a2377212ac7d078ea0ac0b9b2e7c13b1588bef15
scene.prepositions.bird.below,bird,below,cloud,Prepositions/scenes/scene_prepositions_bird_below.png,1448,1086,RGB,a7dc86c1045e0a525064c4c4162c52a21ac1fd2691a63a86885850bc8939f997
scene.prepositions.bee.below,bee,below,cloud,Prepositions/scenes/scene_prepositions_bee_below.png,1448,1086,RGB,bea53715fa302a2c878f9e8861cd753c8c79c0bf0ce5fb1c17df4613475b4ea0
scene.prepositions.butterfly.below,butterfly,below,cloud,Prepositions/scenes/scene_prepositions_butterfly_below.png,1448,1086,RGB,857bc34f7407c756c1c64168a27b24c2aced8a1f60df30f9470c611eb9802d87
scene.prepositions.dragon.below,dragon,below,cloud,Prepositions/scenes/scene_prepositions_dragon_below.png,1448,1086,RGB,c6c58d9b37ece0a834252bee671a859f5369d7566304e6300514283978126d9c
scene.prepositions.fish.inside,fish,inside,cave,Prepositions/scenes/scene_prepositions_fish_inside.png,1448,1086,RGB,16c7b935b90fe07dcf46cde965794282aca181544155cbf5301a11155194e3e6
scene.prepositions.turtle.inside,turtle,inside,cave,Prepositions/scenes/scene_prepositions_turtle_inside.png,1448,1086,RGB,cf368f99c36c36a777913860f9f6af59d42c535008a4fd8585d1354c448f4119
scene.prepositions.octopus.inside,octopus,inside,cave,Prepositions/scenes/scene_prepositions_octopus_inside.png,1448,1086,RGB,b10b46c3f41fc3685abd18e99293169b6574505e680a719de77539620b94aaca
scene.prepositions.seahorse.inside,seahorse,inside,cave,Prepositions/scenes/scene_prepositions_seahorse_inside.png,1448,1086,RGB,8ea7b76d6436e6dcb454687297093b34cd349224337a1513bc4762e6d86afe1e
scene.prepositions.fish.outside,fish,outside,cave,Prepositions/scenes/scene_prepositions_fish_outside.png,1448,1086,RGB,49c1d8f08bf8ccf981bcdfdb59c7e3ef18bab85102949a21b1bf1a25ed2b2928
scene.prepositions.turtle.outside,turtle,outside,cave,Prepositions/scenes/scene_prepositions_turtle_outside.png,1448,1086,RGB,f73fb3c04a90a273b50e113250be284064418a424d24050a65a6b0a0d1cf35da
scene.prepositions.octopus.outside,octopus,outside,cave,Prepositions/scenes/scene_prepositions_octopus_outside.png,1448,1086,RGB,12d2938be2b5338dc55757d379b63b48fae06e8592e4df4fe589204f61a52a5e
scene.prepositions.seahorse.outside,seahorse,outside,cave,Prepositions/scenes/scene_prepositions_seahorse_outside.png,1448,1086,RGB,7b953c86aa8a9545f5e23d98e4555eb11d7c7723728dcba864cff6daeafb2598
scene.prepositions.snake.in_front_of,snake,in_front_of,rock,Prepositions/scenes/scene_prepositions_snake_in_front_of.png,1448,1086,RGB,56a75d8129a559a864c9bf7acbfc2c71fd1a9c68ca0e4bb4ff3573bc0fb3956b
scene.prepositions.dinosaur.in_front_of,dinosaur,in_front_of,rock,Prepositions/scenes/scene_prepositions_dinosaur_in_front_of.png,1448,1086,RGB,add0674be28dd495d6b4d140837d27a211441d927309b614d63e56fd46011088
scene.prepositions.dragon.in_front_of,dragon,in_front_of,rock,Prepositions/scenes/scene_prepositions_dragon_in_front_of.png,1448,1086,RGB,f6b4a699f6560571885d20948ee715c35181841e8e44b83013a657a599da5ddd
scene.prepositions.crocodile.in_front_of,crocodile,in_front_of,rock,Prepositions/scenes/scene_prepositions_crocodile_in_front_of.png,1448,1086,RGB,078cacffd7cd46b68ef24c8dc9771aed93d5b8c9075f0b8af0edca36b5d036d9
scene.prepositions.snake.near,snake,near,rock,Prepositions/scenes/scene_prepositions_snake_near.png,1448,1086,RGB,780abd5021a6e2553172cc308e98b3be3836b32775e4ebf182992231b513b231
scene.prepositions.dinosaur.near,dinosaur,near,rock,Prepositions/scenes/scene_prepositions_dinosaur_near.png,1448,1086,RGB,0831b0e14c0d8e348d67d7df9be39aeec3db6d181f6e9a5f48b95232132f7fb2
scene.prepositions.dragon.near,dragon,near,rock,Prepositions/scenes/scene_prepositions_dragon_near.png,1448,1086,RGB,c0ba0dfe9b33ee9db5bc639be170cb0bf26bc8996de83a8db8007546db379428
scene.prepositions.crocodile.near,crocodile,near,rock,Prepositions/scenes/scene_prepositions_crocodile_near.png,1448,1086,RGB,70161bdb082f0bc0160beb671785c65ab1a0be99274b511c0cfe2d39eefe33d8
scene.prepositions.snake.far_from,snake,far_from,rock,Prepositions/scenes/scene_prepositions_snake_far_from.png,1448,1086,RGB,4695a3715f454aee6121a0e74164893de27709f0d43aced6aa536f2423a1d937
scene.prepositions.dinosaur.far_from,dinosaur,far_from,rock,Prepositions/scenes/scene_prepositions_dinosaur_far_from.png,1448,1086,RGB,855984cd91ca80dc649119c051460315188c4b114b658f7a223729dc4af7d342
scene.prepositions.dragon.far_from,dragon,far_from,rock,Prepositions/scenes/scene_prepositions_dragon_far_from.png,1448,1086,RGB,1e41a214070f7fbc7afeacb8567d6764c203e97422da2a828d78b80c271f2dbe
scene.prepositions.crocodile.far_from,crocodile,far_from,rock,Prepositions/scenes/scene_prepositions_crocodile_far_from.png,1448,1086,RGB,762390b6e10b5c6e45bad66b1b4e0d1ea3370c400755ed286a49f71b82be91b1
